-- phpMyAdmin SQL Dump
-- version 4.8.0
-- https://www.phpmyadmin.net/
--
-- Host: 127.0.0.1
-- Generation Time: Jun 04, 2018 at 03:47 AM
-- Server version: 10.1.31-MariaDB
-- PHP Version: 7.2.4

SET SQL_MODE = "NO_AUTO_VALUE_ON_ZERO";
SET AUTOCOMMIT = 0;
START TRANSACTION;
SET time_zone = "+00:00";


/*!40101 SET @OLD_CHARACTER_SET_CLIENT=@@CHARACTER_SET_CLIENT */;
/*!40101 SET @OLD_CHARACTER_SET_RESULTS=@@CHARACTER_SET_RESULTS */;
/*!40101 SET @OLD_COLLATION_CONNECTION=@@COLLATION_CONNECTION */;
/*!40101 SET NAMES utf8mb4 */;

--
-- Database: `appleshop`
--

-- --------------------------------------------------------

--
-- Table structure for table `admin`
--

CREATE TABLE `admin` (
  `id` int(11) NOT NULL,
  `username` varchar(32) CHARACTER SET utf8 COLLATE utf8_unicode_ci NOT NULL DEFAULT '',
  `password` varchar(32) CHARACTER SET utf8 COLLATE utf8_unicode_ci NOT NULL DEFAULT '',
  `name` varchar(128) CHARACTER SET utf8 COLLATE utf8_unicode_ci NOT NULL,
  `admin_group_id` int(64) NOT NULL,
  `permissions` text NOT NULL
) ENGINE=MyISAM DEFAULT CHARSET=utf8;

--
-- Dumping data for table `admin`
--

INSERT INTO `admin` (`id`, `username`, `password`, `name`, `admin_group_id`, `permissions`) VALUES
(1, 'hotanmy', '02c4a5285150c832039c36cc1982bc92', 'Hồ Tấn Mỹ', 1, ''),
(2, 'tanmy', '02c4a5285150c832039c36cc1982bc92', 'Tấn Mỹ', 2, ''),
(3, 'admincp', '02c4a5285150c832039c36cc1982bc92', 'admin cpanel', 0, '{\"admin\":[\"index\",\"add\",\"edit\",\"delete\"],\"categories\":[\"index\"],\"products\":[\"index\"],\"news\":[\"index\"],\"order\":[\"index\"],\"transaction\":[\"index\"],\"slide\":[\"index\"],\"support\":[\"index\"],\"contact\":[\"index\"]}');

-- --------------------------------------------------------

--
-- Table structure for table `admin_group`
--

CREATE TABLE `admin_group` (
  `id` int(11) NOT NULL,
  `name` varchar(128) CHARACTER SET utf8 COLLATE utf8_bin NOT NULL,
  `sort_order` tinyint(4) NOT NULL DEFAULT '0',
  `permissions` text CHARACTER SET utf8 COLLATE utf8_bin NOT NULL
) ENGINE=MyISAM DEFAULT CHARSET=utf8;

--
-- Dumping data for table `admin_group`
--

INSERT INTO `admin_group` (`id`, `name`, `sort_order`, `permissions`) VALUES
(1, 'Admin', 1, 'a:14:{s:4:\"tran\";a:2:{i:0;s:4:\"list\";i:1;s:6:\"change\";}s:13:\"product_order\";a:2:{i:0;s:4:\"list\";i:1;s:6:\"change\";}s:3:\"cat\";a:2:{i:0;s:4:\"list\";i:1;s:6:\"change\";}s:7:\"product\";a:2:{i:0;s:4:\"list\";i:1;s:6:\"change\";}s:11:\"admin_group\";a:2:{i:0;s:4:\"list\";i:1;s:6:\"change\";}s:5:\"admin\";a:2:{i:0;s:4:\"list\";i:1;s:6:\"change\";}s:4:\"user\";a:2:{i:0;s:4:\"list\";i:1;s:6:\"change\";}s:4:\"news\";a:2:{i:0;s:4:\"list\";i:1;s:6:\"change\";}s:4:\"info\";a:2:{i:0;s:4:\"list\";i:1;s:6:\"change\";}s:7:\"support\";a:2:{i:0;s:4:\"list\";i:1;s:6:\"change\";}s:7:\"contact\";a:2:{i:0;s:4:\"list\";i:1;s:6:\"change\";}s:7:\"comment\";a:2:{i:0;s:4:\"list\";i:1;s:6:\"change\";}s:5:\"slide\";a:2:{i:0;s:4:\"list\";i:1;s:6:\"change\";}s:5:\"video\";a:2:{i:0;s:4:\"list\";i:1;s:6:\"change\";}}'),
(2, 'Mod', 2, 'a:9:{s:3:\"cat\";a:2:{i:0;s:4:\"list\";i:1;s:6:\"change\";}s:7:\"product\";a:2:{i:0;s:4:\"list\";i:1;s:6:\"change\";}s:4:\"news\";a:2:{i:0;s:4:\"list\";i:1;s:6:\"change\";}s:4:\"info\";a:2:{i:0;s:4:\"list\";i:1;s:6:\"change\";}s:7:\"support\";a:2:{i:0;s:4:\"list\";i:1;s:6:\"change\";}s:7:\"contact\";a:2:{i:0;s:4:\"list\";i:1;s:6:\"change\";}s:7:\"comment\";a:2:{i:0;s:4:\"list\";i:1;s:6:\"change\";}s:5:\"slide\";a:2:{i:0;s:4:\"list\";i:1;s:6:\"change\";}s:5:\"video\";a:2:{i:0;s:4:\"list\";i:1;s:6:\"change\";}}');

-- --------------------------------------------------------

--
-- Table structure for table `categories`
--

CREATE TABLE `categories` (
  `id` int(11) NOT NULL,
  `name` varchar(128) CHARACTER SET utf8 COLLATE utf8_unicode_ci NOT NULL,
  `site_title` varchar(128) CHARACTER SET utf8 COLLATE utf8_unicode_ci NOT NULL,
  `meta_desc` varchar(255) CHARACTER SET utf8 COLLATE utf8_unicode_ci NOT NULL,
  `meta_key` varchar(255) CHARACTER SET utf8 COLLATE utf8_unicode_ci NOT NULL,
  `parent_id` int(11) NOT NULL DEFAULT '0',
  `sort_order` tinyint(4) NOT NULL DEFAULT '0'
) ENGINE=MyISAM DEFAULT CHARSET=utf8;

--
-- Dumping data for table `categories`
--

INSERT INTO `categories` (`id`, `name`, `site_title`, `meta_desc`, `meta_key`, `parent_id`, `sort_order`) VALUES
(1, 'iPhone', 'iphone', '', '', 0, 1),
(2, 'iPad', 'ipad', '', '', 0, 2),
(3, 'Mac', 'mac', '', '', 0, 3),
(4, 'iPhone 7', 'iphone-7', '', '', 1, 1),
(5, 'iPhone 8', 'iphone-8', '', '', 1, 2),
(6, 'iPhone X', 'iphone-x', '', '', 1, 3),
(7, 'iPad Pro', 'ipad-pro', '', '', 2, 1),
(8, 'iPad Air', 'ipad-air', '', '', 2, 2),
(9, 'iPad Mini', 'ipad-mini', '', '', 2, 3),
(10, 'iMac Pro Retina', 'imac-pro-retina', '', '', 3, 1),
(11, 'Macbook Pro Retina', 'macbook-pro-retina', '', '', 3, 2),
(12, 'Macbook Air', 'macbook-air', '', '', 3, 3);

-- --------------------------------------------------------

--
-- Table structure for table `comment`
--

CREATE TABLE `comment` (
  `id` int(255) NOT NULL,
  `product_id` int(255) NOT NULL,
  `parent_id` int(255) NOT NULL,
  `user_name` text CHARACTER SET utf8 COLLATE utf8_unicode_ci NOT NULL,
  `user_email` varchar(100) CHARACTER SET utf8 COLLATE utf8_unicode_ci NOT NULL,
  `user_id` int(11) NOT NULL,
  `user_ip` varchar(20) CHARACTER SET utf8 COLLATE utf8_unicode_ci NOT NULL,
  `content` text CHARACTER SET utf8 COLLATE utf8_unicode_ci NOT NULL,
  `created` date NOT NULL,
  `count_like` int(255) NOT NULL,
  `status` tinyint(2) NOT NULL DEFAULT '0'
) ENGINE=MyISAM DEFAULT CHARSET=utf8;

--
-- Dumping data for table `comment`
--

INSERT INTO `comment` (`id`, `product_id`, `parent_id`, `user_name`, `user_email`, `user_id`, `user_ip`, `content`, `created`, `count_like`, `status`) VALUES
(1, 7, 0, 'Hoang van tuyen', 'hoangvantuyencnt@gmail.com', 0, '', 'San pham noi con khong admin?                    ', '0000-00-00', 10, 1),
(2, 7, 1, 'Vu van Anh', 'anh@gmail.com', 0, '', 'San pham nay van con hang', '0000-00-00', 3, 1),
(3, 7, 0, 'abc', 'hoang@gmail.com', 0, '', 'Test comment             ', '0000-00-00', 8, 1);

-- --------------------------------------------------------

--
-- Table structure for table `contact`
--

CREATE TABLE `contact` (
  `id` int(128) NOT NULL,
  `name` varchar(100) CHARACTER SET utf8 COLLATE utf8_unicode_ci NOT NULL,
  `email` varchar(50) CHARACTER SET utf8 COLLATE utf8_unicode_ci NOT NULL,
  `content` text CHARACTER SET utf8 COLLATE utf8_unicode_ci NOT NULL,
  `phone` varchar(20) CHARACTER SET utf8 COLLATE utf8_unicode_ci NOT NULL,
  `created` date NOT NULL
) ENGINE=MyISAM DEFAULT CHARSET=utf8;

--
-- Dumping data for table `contact`
--

INSERT INTO `contact` (`id`, `name`, `email`, `content`, `phone`, `created`) VALUES
(1, 'Nguyễn Trần Trần', 'nguyentran@gmail.com', 'Shop hay tư vấn mình mua hàng nhé!', '0986829823', '2018-05-20'),
(2, 'Võ Hoàng Nguyên', 'vohoangnguyen@gmail.com', 'Shop có bán hàng trả góp không? Liên hệ tôi qua số điện thooại để tư vấn rõ nhé', '0909331442', '2018-05-20'),
(3, 'Hồ Tấn Mỹ', 'tanmyblog@gmail.com', 'admin test contact', '0964082598', '2018-05-20');

-- --------------------------------------------------------

--
-- Table structure for table `info`
--

CREATE TABLE `info` (
  `id` int(11) NOT NULL,
  `title` varchar(255) NOT NULL,
  `content` text CHARACTER SET utf8 COLLATE utf8_unicode_ci NOT NULL,
  `meta_desc` varchar(255) CHARACTER SET utf8 COLLATE utf8_unicode_ci NOT NULL,
  `meta_key` varchar(255) CHARACTER SET utf8 COLLATE utf8_unicode_ci NOT NULL,
  `created` date NOT NULL
) ENGINE=MyISAM DEFAULT CHARSET=utf8;

-- --------------------------------------------------------

--
-- Table structure for table `menu`
--

CREATE TABLE `menu` (
  `id` int(11) NOT NULL,
  `parent_id` int(255) NOT NULL,
  `title` varchar(128) CHARACTER SET utf8 COLLATE utf8_unicode_ci NOT NULL,
  `url` varchar(255) CHARACTER SET utf8 COLLATE utf8_bin NOT NULL,
  `sort_order` int(11) NOT NULL DEFAULT '0'
) ENGINE=MyISAM DEFAULT CHARSET=utf8;

-- --------------------------------------------------------

--
-- Table structure for table `news`
--

CREATE TABLE `news` (
  `id` int(11) NOT NULL,
  `title` varchar(255) CHARACTER SET utf8 COLLATE utf8_unicode_ci NOT NULL,
  `short_desc` varchar(255) CHARACTER SET utf8 COLLATE utf8_unicode_ci NOT NULL,
  `content` text CHARACTER SET utf8 COLLATE utf8_unicode_ci NOT NULL,
  `meta_desc` varchar(255) CHARACTER SET utf8 COLLATE utf8_unicode_ci NOT NULL,
  `meta_key` varchar(255) CHARACTER SET utf8 COLLATE utf8_unicode_ci NOT NULL,
  `image_link` varchar(50) CHARACTER SET utf8 COLLATE utf8_bin NOT NULL,
  `created` date NOT NULL,
  `view_count` int(11) NOT NULL DEFAULT '0',
  `site_title` varchar(256) CHARACTER SET utf8 COLLATE utf8_bin NOT NULL
) ENGINE=MyISAM DEFAULT CHARSET=utf8;

--
-- Dumping data for table `news`
--

INSERT INTO `news` (`id`, `title`, `short_desc`, `content`, `meta_desc`, `meta_key`, `image_link`, `created`, `view_count`, `site_title`) VALUES
(5, 'Trải nghiệm nhanh ASUS ZenBook Flip 14', 'ZenBook Flip UX461UA là phiên bản mới nhất của dòng ZenBook Flip 14\", sở hữu thiết kế mới đạt giải thưởng RedDot Design Award và cấu hình mới với vi xử lý Core I thế hệ 8 tiết kiệm điện nhưng 4 nhân', '<p><a href=\"https://tinhte.vn/tags/zenbook-flip-ux461ua/\">ZenBook Flip UX461UA</a> l&agrave; phi&ecirc;n bản mới nhất của d&ograve;ng ZenBook Flip 14&quot;, sở hữu thiết kế mới đạt giải thưởng RedDot Design Award v&agrave; cấu h&igrave;nh mới với vi xử l&yacute; Core I thế hệ 8 tiết kiệm điện nhưng 4 nh&acirc;n, mang lại hiệu năng tốt hơn v&agrave; đ&aacute;p ứng được nhu cầu sử dụng đa dạng hơn. UX461UA cũng l&agrave; d&ograve;ng ZenBook Flip đầu ti&ecirc;n được ASUS tặng k&egrave;m b&uacute;t cảm ứng. Nay m&igrave;nh mượn được phi&ecirc;n bản cơ bản của d&ograve;ng m&aacute;y n&agrave;y, gi&aacute; b&aacute;n khoảng 27 triệu v&agrave; mời anh em xem qua.</p>\r\n\r\n<p><br />\r\nZenBook Flip l&agrave; d&ograve;ng m&aacute;y t&iacute;nh lai với thiết kế m&agrave;n h&igrave;nh xoay 360 độ (<a href=\"https://tinhte.vn/tags/laptop-convertible/\">laptop convertible</a>) v&agrave; ASUS cung cấp nhiều k&iacute;ch cỡ m&agrave;n h&igrave;nh từ 13,3&quot; đến 14&quot;, 15,6&quot;. Trong ph&acirc;n kh&uacute;c laptop lai th&igrave; m&igrave;nh thấy 13,3&quot; - 14&quot; l&agrave; ph&ugrave; hợp nhất bởi t&iacute;nh di động của n&oacute; vẫn cao, việc xoay lật m&agrave;n h&igrave;nh để sử dụng ở chế độ m&aacute;y t&iacute;nh bảng vẫn thoải m&aacute;i hơn nhiều so với k&iacute;ch thước 15,6&quot; hơi đặc th&ugrave;. ​</p>\r\n\r\n<p>ZenBook Flip UX461UA được thiết kế theo triết l&yacute; Zen - một ng&ocirc;n ngữ thiết kế được ASUS sử dụng từ l&acirc;u, kết hợp giữa nh&ocirc;m, họa tiết v&ograve;ng tr&ograve;n đồng t&acirc;m v&agrave; phần cứng mạnh mẽ b&ecirc;n trong một th&acirc;n h&igrave;nh mỏng, nhẹ. ZenBook Flip UX461UA cũng được chế tạo theo m&ocirc; tu&yacute;p n&agrave;y với vỏ full nh&ocirc;m, trọng lượng chỉ 1,4 kg với m&agrave;n h&igrave;nh 14&quot; cảm ứng.</p>\r\n\r\n<p>Nắp m&aacute;y thiết kế đặc trưng của ZenBook với logo ASUS ch&iacute;nh giữa c&ugrave;ng v&acirc;n tr&ograve;n đồng t&acirc;m tỏa ra. Tuy nhi&ecirc;n, ZenBook Flip UX461UA vẫn c&oacute; n&eacute;t ri&ecirc;ng so với phi&ecirc;n bản trước đ&oacute; l&agrave; phần nắp m&aacute;y n&agrave;y giờ đ&atilde; vu&ocirc;ng v&agrave; phẳng hơn, kh&ocirc;ng c&ograve;n bo cong &ocirc;m cong l&ecirc;n m&agrave;n h&igrave;nh qu&aacute; nhiều. Tại c&aacute;c cạnh ASUS bo cong nhẹ sau đ&oacute; v&aacute;t diamond, từ đ&oacute; khiến chiếc m&aacute;y tr&ocirc;ng cứng c&aacute;p v&agrave; hiện đại hơn. ​</p>\r\n\r\n<p>Bản lề của ZenBook Flip UX461UA dạng bản lề k&eacute;p thường thấy tr&ecirc;n những chiếc m&aacute;y convertible như HP Envy x360 hay Dell Inspiron 2 in 1 nhưng ASUS đ&atilde; cải tiến đ&ocirc;i ch&uacute;t để mang lại trải nghiệm mới mẻ hơn. Khi mở nắp m&aacute;y ra một g&oacute;c tr&ecirc;n 90 độ th&igrave; cạnh dưới m&agrave;n h&igrave;nh sẽ t&igrave; xuống b&agrave;n, bản lề vẫn kh&ocirc;ng mở phẳng ra ho&agrave;n to&agrave;n từ đ&oacute; n&acirc;ng b&agrave;n ph&iacute;m l&ecirc;n một ch&uacute;t để tạo độ nghi&ecirc;ng, gi&uacute;p ch&uacute;ng ta g&otilde; ph&iacute;m tự nhi&ecirc;n hơn. ASUS gọi thiết kế bản lề n&agrave;y l&agrave; ErgoLift - n&acirc;ng c&ocirc;ng th&aacute;i học.<br />\r\n&nbsp;<br />\r\nKhu vực ph&iacute;a tr&ecirc;n đ&aacute;y m&aacute;y c&oacute; c&aacute;c khe lấy gi&oacute;, kết hợp với thiết kế bản lề n&acirc;ng ErgoLift rất hợp l&yacute; khi m&aacute;y c&oacute; th&ecirc;m kh&ocirc;ng gian để lấy kh&iacute; b&ecirc;n ngo&agrave;i l&agrave;m m&aacute;t cho linh kiện b&ecirc;n trong. Hệ thống tản nhiệt nằm ở cạnh tr&aacute;i m&aacute;y với một quạt.</p>\r\n\r\n<p>N&oacute;i đến c&aacute;c cạnh th&igrave; ZenBook Flip UX461UA c&oacute; độ mỏng 13,9 mm, một độ mỏng tương đối đối với m&aacute;y t&iacute;nh m&agrave;n h&igrave;nh xoay v&agrave; đủ kh&ocirc;ng giản để t&iacute;ch hợp nhiều cổng kết nối từ cũ đến mới. Như tại cạnh tr&aacute;i ngo&agrave;i khe tản nhiệt c&ograve;n c&oacute; cổng USB 3.1 Gen1 (USB-A), n&uacute;t tăng giảm &acirc;m lượng, n&uacute;t nguồn. Cạnh phải c&oacute; th&ecirc;m khe đọc thẻ microSD, USB 3.1 Gen1 (USB-C), jack &acirc;m thanh 3,5 mm 2 trong 1, th&ecirc;m một cổng USB 3.1 Gen1 (USB-A) nữa, HDMI v&agrave; cổng nguồn.<br />\r\n<br />\r\nTrang bị cổng kết nối tr&ecirc;n ZenBook Flip UX461UA c&oacute; thể n&oacute;i l&agrave; kh&aacute; đầy đủ. Ri&ecirc;ng m&igrave;nh kh&ocirc;ng th&iacute;ch khe đọc thẻ microSD, khe SD ti&ecirc;u chuẩn vẫn hay hơn. Th&ecirc;m nữa l&agrave; m&aacute;y vẫn d&ugrave;ng cổng sạc tr&ograve;n thay v&igrave; USB-C, năm 2018 rồi nhưng ASUS vẫn chậm thay đổi điều n&agrave;y tr&ecirc;n d&ograve;ng ZenBook cao cấp của m&igrave;nh, rất đ&aacute;ng tiếc. ​</p>\r\n\r\n<p>B&ecirc;n trong ZenBook Flip UX461UA l&agrave; m&agrave;n h&igrave;nh 14&quot; với thiết kế viền mỏng NanoEdge 7,15 mm ở 2 b&ecirc;n, tỉ lệ m&agrave;n h&igrave;nh với th&acirc;n m&aacute;y l&agrave; 80%. Tuy nhi&ecirc;n thực sự m&agrave; n&oacute;i th&igrave; phần viền n&agrave;y vẫn c&ograve;n d&agrave;y hơn khoảng 1 mm so với chiếc ZenBook UX430 m&agrave; m&igrave;nh từng <a href=\"https://tinhte.vn/tags/danh-gia/\">đ&aacute;nh gi&aacute;</a> c&aacute;ch đ&acirc;y kh&ocirc;ng l&acirc;u, chiếc UX430 vẫn mỏng ấn tượng hơn. ​</p>\r\n\r\n<p>Phủ to&agrave;n bộ m&agrave;n h&igrave;nh l&agrave; một lớp k&iacute;nh v&agrave; dĩ nhi&ecirc;n l&agrave; m&agrave;n h&igrave;nh cảm ứng hỗ trợ 10 điểm c&ugrave;ng với b&uacute;t cảm ứng ASUS Pen. Đ&acirc;y cũng l&agrave; d&ograve;ng m&aacute;y đầu ti&ecirc;n được ASUS tặng k&egrave;m b&uacute;t cảm ứng, c&acirc;y b&uacute;t n&agrave;y d&ugrave;ng c&ocirc;ng nghệ của Wacom nhưng đ&aacute;ng tiếc n&oacute; chỉ hỗ trợ 1024 cấp độ lực. Trải nghiệm thực tế m&igrave;nh thấy b&uacute;t c&oacute; độ trễ lớn, th&agrave;nh ra n&oacute; chỉ ph&ugrave; hợp để ghi ch&uacute;, vẽ vời sơ sơ th&ocirc;i, kh&ocirc;ng thể l&agrave;m đồ họa chuy&ecirc;n nghiệp được. D&ugrave; sao vẫn rất đ&aacute;ng khen cho ASUS ở điểm n&agrave;y, c&oacute; b&uacute;t c&ograve;n hơn kh&ocirc;ng <img alt=\":D\" src=\"https://tinhte.vn/styles/default/xenforo/clear.png\" />. ​</p>\r\n\r\n<p>C&oacute; một điều ph&aacute;t sinh khi sử dụng ở chế độ m&aacute;y t&iacute;nh bảng đ&oacute; l&agrave; bản lề kh&ocirc;ng giữ chắc m&agrave;n h&igrave;nh khi gập lại. M&igrave;nh thường cầm m&aacute;y chỗ c&oacute; logo ASUS dưới m&agrave;n h&igrave;nh bằng tay tr&aacute;i, cầm hơi chắc một ch&uacute;t tức l&agrave; đặt l&ecirc;n một lực th&igrave; m&agrave;n h&igrave;nh v&agrave; th&acirc;n m&aacute;y sẽ hở ra 1 khoảng, kh&ocirc;ng kh&eacute;p s&aacute;t v&agrave;o nhau được. ​</p>\r\n\r\n<p>M&agrave;n h&igrave;nh d&ugrave;ng tấm nền của BOEhydis, m&atilde; tấm nền NV140FHM-N62, loại tấm nền IPS với độ ph&acirc;n giải FHD. ASUS c&ocirc;ng bố tấm nền c&oacute; độ s&aacute;ng tối đa 300 nit, tương phản 1000:1, độ bao phủ 100% sRGB v&agrave; 72% NTSC. M&igrave;nh kiểm tra lại bằng Spyder4Elite th&igrave; độ s&aacute;ng m&agrave;n h&igrave;nh cao nhất ở 260 nit, trung b&igrave;nh 233 nit, độ tương phản 700:1 ở độ s&aacute;ng tối đa v&agrave; 13050:1 ở độ s&aacute;ng thấp nhất. Khả năng t&aacute;i tạo m&agrave;u đen (black level) rất tốt ở tỉ lệ 0.34 với độ s&aacute;ng tối đa v&agrave; 0.15 ở độ s&aacute;ng 50%. ​</p>\r\n\r\n<p>Độ bao phủ m&agrave;u sắc của m&agrave;n h&igrave;nh m&igrave;nh đo 2 lần bằng Spyder4Elite th&igrave; kết quả l&agrave; dải m&agrave;u Adobe RGB đạt độ bao phủ 72 - 73%, 68% NTSC v&agrave; 94% sRGB. Như vậy độ bao phủ dải m&agrave;u n&agrave;y kh&aacute; gần với con số được ASUS c&ocirc;ng bố. Tuy nhi&ecirc;n, chiếc m&agrave;n h&igrave;nh n&agrave;y khi mới nh&igrave;n v&agrave;o c&oacute; thể nhận ra n&oacute; hơi &aacute;m xanh v&agrave; kiểm tra Delta-E th&igrave; độ sai lệch của m&agrave;u xanh đậm l&ecirc;n đến 6.8, trong khi m&agrave;u xanh nhạt như da trời vẫn c&oacute; tỉ lệ 0.61. C&aacute;c m&agrave;u sắc c&ograve;n lại chỉ c&oacute; độ sai lệch từ 0.29 đến 1.32, dưới 2. Thật sự rất tiếc khi m&agrave;n h&igrave;nh n&agrave;y &aacute;m xanh khiến m&agrave;u sắc trở n&ecirc;n kh&aacute; lạnh. C&oacute; một điều khiến m&igrave;nh ngạc nhi&ecirc;n l&agrave; gamma mặc định của m&agrave;n h&igrave;nh b&aacute;m rất s&aacute;t với thang gamma 2.2 ti&ecirc;u chuẩn nhưng white point vẫn cao, ở mức 7800K. ​</p>\r\n\r\n<p>Độ s&aacute;ng kh&ocirc;ng qu&aacute; cao nhưng đ&aacute;p ứng được hầu hết c&aacute;c t&igrave;nh huống sử dụng, d&ugrave;ng ngo&agrave;i trời th&igrave; kh&ocirc;ng l&yacute; lắm tưởng bởi m&agrave;n h&igrave;nh gương phản chiếu mạnh. Độ tương phản của m&agrave;n h&igrave;nh chỉ ở mức gần 700:1, nếu tăng đến 1000:1 như con số m&agrave; ASUS đưa ra th&igrave; trải nghiệm h&igrave;nh ảnh sẽ c&ograve;n h&uacute;t mắt hơn. ​</p>\r\n\r\n<p>M&igrave;nh chỉ đo ra để biết được chất lượng hiển thị cụ thể của n&oacute; ra sao c&ograve;n với số đ&ocirc;ng người d&ugrave;ng chọn mua chiếc m&aacute;y n&agrave;y th&igrave; m&igrave;nh nghĩ những th&ocirc;ng số về white point hay Delta-E kh&ocirc;ng cần thiết. Chỉ những ai cần l&agrave;m đồ họa chuy&ecirc;n nghiệp hay in ấn th&igrave; mới quan t&acirc;m nhiều đến c&aacute;c chỉ số n&agrave;y th&ocirc;i. Nh&igrave;n chung, m&agrave;n h&igrave;nh của <a href=\"https://tinhte.vn/tags/asus-zenbook-flip-ux461ua/\">ASUS ZenBook Flip UX461UA</a> tốt với dải m&agrave;u sắc rộng, m&agrave;u đen đ&atilde; mắt v&agrave; g&oacute;c nh&igrave;n rộng, rất ph&ugrave; hợp với nhu cầu l&agrave;m việc văn ph&ograve;ng hay giải tr&iacute; với phim ảnh. ​</p>\r\n\r\n<p>Về &acirc;m thanh, ZenBook Flip UX461UA c&oacute; 2 loa đặt tại mặt dưới, gần r&igrave;a 2 b&ecirc;n m&aacute;y v&agrave; &acirc;m thanh đầu ra lớn, rất ấn tượng. Hệ thống loa n&agrave;y được tinh chỉnh bởi Harman/Kardon, nhờ đ&oacute; &acirc;m thanh đạt được sự c&acirc;n bằng, treble cao, mid r&otilde;, c&aacute;c dải khi mở tối đa &acirc;m lượng &iacute;t rối v&agrave; bass &iacute;t, phẳng, đặc điểm chung của d&agrave;n loa tr&ecirc;n những chiếc laptop mỏng. ​</p>\r\n\r\n<p>B&agrave;n ph&iacute;m của ZenBook Flip UX461UA c&oacute; layout quen thuộc của những chiếc laptop 14&quot; đến từ ASUS, kh&ocirc;ng c&oacute; ph&iacute;m số, c&aacute;c ph&iacute;m k&iacute;ch thước lớn, khoảng c&aacute;ch ph&iacute;m d&agrave;n trải, c&aacute;c ph&iacute;m điều hướng lớn v&agrave; h&agrave;nh tr&igrave;nh ph&iacute;m 1,5 mm. Trải nghiệm g&otilde; ph&iacute;m tr&ecirc;n chiếc ZenBook Flip UX461UA thoải m&aacute;i, m&igrave;nh đặt tay v&agrave;o g&otilde; ngay lần đầu với 10fastfingers được 118 WPM, sai chỉ 6 từ tiếng Việt. Cảm gi&aacute;c g&otilde; tốt nhờ độ nẩy của ph&iacute;m cao, h&agrave;nh tr&igrave;nh hợp l&yacute; v&agrave; xương ph&iacute;m chắc chắn kh&ocirc;ng bị rung lắc khi g&otilde; nhanh. C&oacute; một điều m&igrave;nh kh&ocirc;ng th&iacute;ch l&agrave; vỉ ph&iacute;m hơi flex do lớp nh&ocirc;m n&agrave;y mỏng. Khi g&otilde; nhanh m&igrave;nh c&oacute; cảm gi&aacute;c l&uacute;n ở giữa b&agrave;n ph&iacute;m nhưng nh&igrave;n chung vẫn g&otilde; ngon l&agrave;nh, kh&ocirc;ng ảnh hưởng qu&aacute; nhiều đến trải nghiệm g&otilde; ph&iacute;m. ​</p>\r\n\r\n<p>B&agrave;n ph&iacute;m hỗ trợ đ&egrave;n nền backlit 3 mức s&aacute;ng, &aacute;nh s&aacute;ng tỏa ra đều v&agrave; dịu, dễ chịu khi sử dụng trong m&ocirc;i trường tối ho&agrave;n to&agrave;n. ​</p>\r\n\r\n<p>B&agrave;n r&ecirc; của ZenBook Flip UX461UA c&oacute; k&iacute;ch thước lớn, chiều ngang hơn 10 cm v&agrave; được l&agrave;m rất rất tốt. Thực sự tr&ecirc;n d&ograve;ng ZenBook gần đ&acirc;y th&igrave; m&igrave;nh thấy b&agrave;n r&ecirc; con n&agrave;o cũng đ&atilde; được ASUS n&acirc;ng cấp với bề mặt phủ k&iacute;nh cho độ r&iacute;t thấp, tăng cảm gi&aacute;c chạm v&agrave; độ mượt khi thao t&aacute;c đa điểm v&agrave; hỗ trợ driver Microsoft Precision Touchpad cho độ trễ thấp khi thao t&aacute;c. 2 ph&iacute;m chuột được t&iacute;ch hợp b&ecirc;n dưới b&agrave;n r&ecirc; c&oacute; h&agrave;nh tr&igrave;nh vừa phải, dễ bấm. Ngo&agrave;i ra cảm biến v&acirc;n tay 1 chạm c&ograve;n được t&iacute;ch hợp tr&ecirc;n g&oacute;c phải b&agrave;n r&ecirc;, tốc độ nhận diện nhanh m&agrave; anh em c&oacute; thể thấy trong video.<br />\r\n<br />\r\n<strong>Cấu h&igrave;nh của ZenBook Flip UX461UA v&agrave; hiệu năng ra sao?</strong><br />\r\n<br />\r\nV&agrave;o thời điểm n&agrave;y th&igrave; ASUS đ&atilde; n&acirc;ng cấp cấu h&igrave;nh mới cho h&agrave;ng loạt c&aacute;c phi&ecirc;n bản d&ograve;ng ZenBook v&agrave; UX461UA cũng tương tự với CPU Intel Core I thế hệ 8, d&ograve;ng ULV nhưng 4 nh&acirc;n 8 luồng, nhờ đ&oacute; mang lại trải nghiệm tốt hơn đ&aacute;ng kể so với d&ograve;ng Core I thế hệ 7 với chỉ 2 nh&acirc;n 4 luồng. Cụ thể cấu h&igrave;nh:</p>\r\n\r\n<ul>\r\n	<li>CPU: Intel <a href=\"https://tinhte.vn/tags/core-i5-8250u/\">Core i5-8250U</a> (Kaby Lake Refresh), 4 nh&acirc;n 8 luồng, 1,6 GHz &gt; 3,4 GHz (Turbo Boost), 6 MB Cache, TDP 15 W;</li>\r\n	<li>GPU: Intel UHD Graphics 620 1,10 GHz;</li>\r\n	<li>RAM: 8 GB DDR3-2133 chạy dual-channel, h&agrave;n chết tr&ecirc;n bo v&agrave; kh&ocirc;ng c&oacute; khe SO-DIMM để n&acirc;ng cấp;</li>\r\n	<li>SSD: 512 GB SanDisk SD8SN8U M.2 SATA;</li>\r\n	<li>OS: Windows 10 Home 64-bit bản quyền.</li>\r\n</ul>\r\n\r\n<p><br />\r\nCấu h&igrave;nh của ZenBook Flip UX461UA c&oacute; thể đ&aacute;p ứng tốt nhu cầu l&agrave;m việc văn ph&ograve;ng, chạy đa nhiệm một v&agrave;i ứng dụng v&agrave; giải tr&iacute; nhẹ nh&agrave;ng. Điều m&igrave;nh th&iacute;ch l&agrave; ổ SSD 512 GB, d&ugrave; l&agrave; ổ SATA 6 Gbps nhưng đ&acirc;y vẫn l&agrave; trang bị hợp l&yacute;, c&acirc;n đối giữa nhu cầu lưu trữ v&agrave; tốc độ. Chiếc ổ n&agrave;y c&oacute; tốc độ kh&aacute; tốt với tốc độ đọc tuần tự 557,8 MB/s, ghi tuần tự 532,8 MB/s. Tốc độ truy xuất tập tin cỡ nhỏ ngẫu nhi&ecirc;n cũng rất tốt, lần lượt đọc/ghi l&agrave; 239,8 MB/s v&agrave; 258,7 MB/s. Tốc độ n&agrave;y c&ugrave;ng với vi xử l&yacute; 4 nh&acirc;n Core i5-8250U mang lại trải nghiệm nhanh, mượt m&agrave; khi tao t&aacute;c với c&aacute;c t&aacute;c vụ văn ph&ograve;ng th&ocirc;ng thường. M&igrave;nh cũng thường d&ugrave;ng tr&igrave;nh duyệt Edge tr&ecirc;n ZenBook Flip UX461UA để tận dụng m&agrave;n h&igrave;nh cảm ứng v&agrave; c&acirc;y b&uacute;t. Với 5 6 tab th&igrave; kh&ocirc;ng th&agrave;nh vấn đề với ZenBook Flip UX461UA nhưng nếu chuyển sang Chrome th&igrave; bộ nhớ sẽ bị ăn mất kh&aacute; đ&aacute;ng kể nếu ch&uacute;ng ta mở nhiều tab.</p>\r\n', 'ZenBook Flip UX461UA là phiên bản mới nhất của dòng ZenBook Flip 14\", sở hữu thiết kế mới đạt giải thưởng RedDot Design Award và cấu hình mới với vi xử lý Core I thế hệ 8 tiết kiệm điện nhưng 4 nhân', 'ZenBook Flip UX461UA', 'asus.jpg', '2018-05-01', 0, 'trai-nghiem-nhanh-asus-zenbook-flip-14-cau-hinh-van-phong');

-- --------------------------------------------------------

--
-- Table structure for table `order`
--

CREATE TABLE `order` (
  `transaction_id` int(255) NOT NULL,
  `id` int(255) NOT NULL,
  `product_id` int(255) NOT NULL,
  `qty` int(11) NOT NULL DEFAULT '0',
  `amount` decimal(15,4) NOT NULL DEFAULT '0.0000',
  `data` text CHARACTER SET utf8 COLLATE utf8_bin NOT NULL,
  `status` int(4) NOT NULL,
  `createdDate` date DEFAULT NULL
) ENGINE=MyISAM DEFAULT CHARSET=utf8;

--
-- Dumping data for table `order`
--

INSERT INTO `order` (`transaction_id`, `id`, `product_id`, `qty`, `amount`, `data`, `status`, `createdDate`) VALUES
(1, 1, 22, 1, '17500.0000', '', 2, NULL),
(2, 2, 20, 1, '5500.0000', '', 1, NULL),
(3, 3, 22, 1, '17500.0000', '', 1, NULL),
(3, 4, 21, 1, '10000.0000', '', 1, NULL),
(3, 5, 20, 1, '5500.0000', '', 1, NULL),
(4, 6, 22, 5, '87500.0000', '', 0, NULL),
(5, 7, 22, 1, '17500.0000', '', 0, NULL),
(6, 8, 22, 2, '35000.0000', '', 0, NULL),
(7, 9, 25, 2, '29400.0000', '', 0, NULL),
(7, 10, 20, 2, '11000.0000', '', 0, NULL),
(7, 11, 23, 3, '52500.0000', '', 0, NULL),
(8, 12, 22, 1, '17500.0000', '', 0, NULL),
(8, 13, 25, 1, '14700.0000', '', 0, NULL),
(10, 14, 26, 1, '7000000.0000', '', 0, '2018-06-04');

-- --------------------------------------------------------

--
-- Table structure for table `product`
--

CREATE TABLE `product` (
  `id` int(255) NOT NULL,
  `categories_id` int(11) NOT NULL,
  `name` varchar(100) CHARACTER SET utf8 COLLATE utf8_unicode_ci NOT NULL,
  `price` decimal(15,4) NOT NULL DEFAULT '0.0000',
  `content` text CHARACTER SET utf8 COLLATE utf8_unicode_ci NOT NULL,
  `discount` int(11) NOT NULL,
  `image_link` varchar(255) CHARACTER SET utf8 COLLATE utf8_bin NOT NULL,
  `image_list` text CHARACTER SET utf8 COLLATE utf8_unicode_ci NOT NULL,
  `created` date NOT NULL,
  `view` int(11) NOT NULL DEFAULT '0',
  `meta_key` varchar(255) CHARACTER SET utf8 COLLATE utf8_bin NOT NULL,
  `site_title` varchar(255) CHARACTER SET utf8 COLLATE utf8_bin NOT NULL,
  `warranty` varchar(50) CHARACTER SET utf8 COLLATE utf8_unicode_ci NOT NULL,
  `quantity` int(255) NOT NULL,
  `buyed` int(255) NOT NULL,
  `rate_total` int(255) NOT NULL,
  `rate_count` int(255) NOT NULL,
  `gifts` varchar(100) CHARACTER SET utf8 COLLATE utf8_unicode_ci NOT NULL,
  `meta_desc` varchar(255) CHARACTER SET utf8 COLLATE utf8_bin NOT NULL
) ENGINE=MyISAM DEFAULT CHARSET=utf8;

--
-- Dumping data for table `product`
--

INSERT INTO `product` (`id`, `categories_id`, `name`, `price`, `content`, `discount`, `image_link`, `image_list`, `created`, `view`, `meta_key`, `site_title`, `warranty`, `quantity`, `buyed`, `rate_total`, `rate_count`, `gifts`, `meta_desc`) VALUES
(20, 10, 'iMac 5K 27-inch 2017 i5 8GB Ram 1TB', '8900000.0000', '<h3>Chi tiết sản phẩm</h3>\r\n\r\n<p>&nbsp;</p>\r\n\r\n<p>Trải nghiệm tr&ecirc;n iMac chưa bao giờ chững lại. Qua từng năm, iMac lu&ocirc;n được cải tiến cả về phần cứng lẫn phần mềm để n&acirc;ng cao trải nghiệm người d&ugrave;ng l&ecirc;n mức cao nhất. V&agrave; thế hệ iMac 2017 cũng vậy, một cỗ m&aacute;y t&iacute;nh b&agrave;n mang sức mạnh đ&aacute;ng kinh ngạc đ&atilde; sẵn s&agrave;ng tr&ecirc;n b&agrave;n l&agrave;m việc của bạn.</p>\r\n\r\n<p>&nbsp;</p>\r\n\r\n<h3>TỐC ĐỘ XỬ L&Yacute; TUYỆT VỜI</h3>\r\n\r\n<p>Nhanh hơn v&agrave; mạnh hơn, iMac thế hệ 2017 giờ đ&acirc;y được trang bị vi xử l&yacute; Intel thế hệ thứ 7 c&ugrave;ng bộ xử l&yacute; đồ họa Redeon Pro hiệu năng vượt trội. Kết hợp với ổ cứng Fusion Drive (tr&ecirc;n c&aacute;c model iMac Retina), tốc độ truy xuất dữ liệu cũng nhanh hơn đ&aacute;ng kể, thời gian l&agrave;m việc với c&aacute;c t&aacute;c vụ xử l&yacute; nặng cũng được r&uacute;t ngắn hơn bao giờ hết.</p>\r\n\r\n<p>&nbsp;</p>\r\n\r\n<h3>M&Agrave;N H&Igrave;NH RETINA HOẢN HẢO&nbsp;</h3>\r\n\r\n<p>Chất lượng của m&agrave;n h&igrave;nh Retina tr&ecirc;n c&aacute;c thế hệ m&aacute;y Macbook hay iMac l&agrave; điều kh&ocirc;ng cần b&agrave;n c&atilde;i. Nay với khả năng hiển thị đến 1 tỉ m&agrave;u, độ s&aacute;ng đạt 500 nits, những h&igrave;nh ảnh đồ họa tr&ecirc;n iMac lu&ocirc;n ở mức ch&acirc;n thực nhất. C&aacute;c đoạn văn bản cũng hiển thị cực sắc n&eacute;t, nhờ đ&oacute; m&agrave; tệp t&agrave;i liệu của bạn tr&ocirc;ng chuy&ecirc;n nghiệp hơn. Tất cả những thứ ấy đều nằm gọn trong tấm m&agrave;n h&igrave;nh c&oacute; độ mỏng chỉ 1.4mm, đ&oacute; l&agrave; điều lu&ocirc;n g&acirc;y ấn tượng mỗi khi n&oacute;i về iMac.</p>\r\n', 18999, 'imac-215-inch-2017-i5-8gb-1tb.jpg', '[\"imac-215-inch-2017-i5-8gb-1tb2.jpg\",\"imac-215-inch-2017-i5-8gb-1tb3.jpg\",\"imac-215-inch-2017-i5-8gb-1tb4.jpg\"]', '0000-00-00', 30, 'imac pro, imac pro giá rẻ', 'imac-5k-27-inch-2017-i5-8gb-ram-1tb', '2 năm', 100, 3, 0, 0, '', 'Màn hình trên iMac thế hệ mới đã sở hữu độ phân giải 4K và 5K. Vẫn giữ thiết kế vát cạnh sắc sảo đã tạo nên một huyền thoại. Ổ cứng Fusion Drive với khả năng lưu trữ dữ liệu siêu nhanh'),
(21, 4, 'iPhone 7 - 256GB nhập khẩu chính hãng', '11000.0000', '', 1000, 'iphone-7-256gb.jpg', '[\"iphone-7-256gb-2.jpg\",\"iphone-7-256gb-3.jpg\"]', '0000-00-00', 11, 'iphone 7, iphone 7 plus, iphone giá rẻ', 'iphone-7-256gb-nhap-khau-chinh-hang', '1 năm', 100, 10, 4, 1, '', 'Siêu phẩm iPhone 7 chính thức trình làng cùng những cải tiến vượt bậc.'),
(22, 6, 'iPhone X 256GB Space Gray (Nhập khẩu chính Hãng)', '18000.0000', '<p>iPhone 7 đ&atilde; ra mắt v&agrave; mang đến v&ocirc; số những thay đổi to lớn trong ng&agrave;nh c&ocirc;ng nghệ. Giờ đ&acirc;y, bạn kh&ocirc;ng chỉ cầm tr&ecirc;n tay v&agrave; cảm nhận iPhone 7 như một chiếc smartphone, m&agrave; đ&oacute; l&agrave; một chiếc camera chụp ảnh si&ecirc;u việt, cỗ m&aacute;y chơi game ho&agrave;n hảo, d&agrave;n &acirc;m thanh mini chất lượng cao hay thiết bị điện tử si&ecirc;u bền bỉ miễn nhiễm với nước v&agrave; bụi bẩn.</p>\r\n\r\n<p>&nbsp;</p>\r\n\r\n<h3>THIẾT KẾ KH&Aacute;C BIỆT V&Agrave; VƯỢT TRỘI</h3>\r\n\r\n<p>iPhone 7 đạt đến độ ho&agrave;n thiện cao nhất, với h&igrave;nh mẫu thiết kế như một si&ecirc;u phẩm đi trước thời đại. Bổ sung th&ecirc;m m&agrave;u sắc Jet Black kh&ocirc;ng chỉ l&agrave;m phong ph&uacute; cho bộ sưu tập iPhone 7 m&agrave; c&ograve;n l&agrave; điểm nhấn trong kh&acirc;u thiết kế. B&ecirc;n cạnh đ&oacute;, n&uacute;t Home tr&ecirc;n iPhone 7 cũng được thiết kế lại, bổ sung th&ecirc;m t&iacute;nh năng cảm ứng lực cũng như tr&ocirc;ng ho&agrave;n hảo hơn khi đặt l&ecirc;n bộ khung của flag-ship nh&agrave; Apple.</p>\r\n\r\n<p>&nbsp;</p>\r\n\r\n<p>Vật liệu được sử dụng ch&iacute;nh l&agrave; nh&ocirc;m 7000 Series si&ecirc;u cứng, si&ecirc;u bền, giảm trầy xước c&ugrave;ng 5 m&agrave;u sắc, 2 k&iacute;ch thước khiến bộ đ&ocirc;i iPhone 7 v&agrave; iPhone 7 Plus lu&ocirc;n mang t&iacute;nh thời trang v&agrave; thể hiện được c&aacute; t&iacute;nh ri&ecirc;ng của người sử dụng. Khả năng chống nước v&agrave; bụi lần đầu ti&ecirc;n được mang l&ecirc;n một chiếc iPhone.</p>\r\n\r\n<p>Th&aacute;ch thức thời tiết b&acirc;y giờ kh&ocirc;ng c&ograve;n l&agrave; vấn đề với iPhone 7 với chuẩn IP67. Những chuyến d&atilde; ngoại, pool party v&ocirc; tư c&ugrave;ng bạn b&egrave; m&agrave; vẫn y&ecirc;n t&acirc;m v&igrave; lu&ocirc;n c&oacute; người bạn iPhone 7 b&ecirc;n cạnh.</p>\r\n', 500, 'iphone-x-64gb-space-gray-nhap-khau-chinh-hang.jpg', '[\"iphone-x-64gb-space-gray-nhap-khau-chinh-hang-2.jpg\",\"iphone-x-64gb-space-gray-nhap-khau-chinh-hang-3.jpg\"]', '0000-00-00', 71, 'iphone 10, iphone giá rẻ, iphone x', 'iphone-x-256gb-space-gray-nhap-khau-chinh-hang', '1 năm', 100, 5, 12, 3, '', 'iPhone X 256GB Black (Nhập khẩu chính Hãng) giá rẻ cực hót tại AppleShop giao hàng nhanh thanh toán trực tuyến nhiều ưu đãi'),
(23, 6, 'iPhone X 256GB Silver (Nhập khẩu chính Hãng)', '18000.0000', '<p>Apple đ&atilde; giới thiệu iPhone X (iPhone 10) sở hữu m&agrave;n h&igrave;nh OLED 5&rdquo;8 với viền mỏng, FaceID nhận dạng 3D, Chip A11 Bionic, Camera hỗ trợ Portrait Mode trước v&agrave; sau, lớp vỏ kim loại s&aacute;ng b&oacute;ng, sạc kh&ocirc;ng d&acirc;y QI. Kh&ocirc;ng c&ograve;n TouchID v&agrave; n&uacute;t Home cứng n&ecirc;n mọi thao t&aacute;c sẽ thực hiện tr&ecirc;n m&agrave;n h&igrave;nh.</p>\r\n\r\n<p><img alt=\"iphone-x-256gb-silver-nhap-khau-chinh-hang\" src=\"/ckfinder/userfiles/images/iPhoneX/iphone-x-64gb-space-gray-nhap-khau-chinh-hang.png\" /></p>\r\n\r\n<h3>M&agrave;n h&igrave;nh</h3>\r\n\r\n<p>M&agrave;n h&igrave;nh l&agrave; sự thay đổi nhiều nhất của iPhone X với c&aacute;c thế iPhone trước đ&acirc;y. Apple sử dụng m&agrave;n h&igrave;nh OLED v&agrave; đặt t&ecirc;n l&agrave; Super Retina HD. Với k&iacute;ch thước 5&rdquo;8, mật độ điểm ảnh 458 ppi, độ ph&acirc;n giải 2436 x 1125, cao hơn so với mức 1920 x 1080 đang sử dụng cho iPhone 7 Plus v&agrave; iPhone 8 Plus. Apple n&oacute;i rằng m&agrave;n h&igrave;nh OLED của họ khắc phục được tất cả nhược điểm của c&aacute;c thế hệ m&agrave;n h&igrave;nh trước như độ s&aacute;ng k&eacute;m, m&agrave;u sắc kh&ocirc;ng ch&iacute;nh x&aacute;c. Viền của iPhone X rất mỏng v&agrave; m&agrave;n h&igrave;nh chiếm gần như to&agrave;n bộ diện t&iacute;ch của mặt trước.</p>\r\n\r\n<p><img alt=\"iphone-x-256gb-silver-nhap-khau-chinh-hang 2\" src=\"/ckfinder/userfiles/images/iPhoneX/iphone-x-64gb-silver-nhap-khau-chinh-hang3.jpg\" /></p>\r\n\r\n<p>Apple kh&ocirc;ng n&oacute;i về cấu tr&uacute;c điểm ảnh tr&ecirc;n m&agrave;n h&igrave;nh của iPhone X l&agrave; RGB hay Pentile. Tuy nhi&ecirc;n trong phần đ&aacute;nh gi&aacute; về m&agrave;n h&igrave;nh của Ninay Patel từ The Verge n&oacute;i kh&ocirc;ng thấy sự rực m&agrave;u hay rỗ điểm ảnh như c&aacute;c m&agrave;n h&igrave;nh OLED kh&aacute;c.</p>\r\n\r\n<p><img alt=\"iphone-x-256gb-silver-nhap-khau-chinh-hang 3\" src=\"/ckfinder/userfiles/images/iPhoneX/iphone-x-64gb-space-gray-nhap-khau-chinh-hang-2.png\" /></p>\r\n\r\n<h3>FaceID: bảo mật khu&ocirc;n mặt, thay cho TouchID</h3>\r\n\r\n<p>FaceID l&agrave; t&ecirc;n của hệ thống nhận dạng khu&ocirc;n mặt mới. Face ID c&oacute; thể nhận dạng khu&ocirc;n mặt ngay trong b&oacute;ng tối v&agrave; khả năng nhầm lẫn chỉ l&agrave; 1/1.000.000 tức l&agrave; an to&agrave;n hơn cả TouchID. Để l&agrave;m được điều n&agrave;y ngo&agrave;i hệ thống camera, cảm biến ph&iacute;a trước th&igrave; vi xử l&yacute; A11 Bionic cũng l&agrave;m theo d&otilde;i li&ecirc;n tục để thấy được c&aacute;c thay đổi tr&ecirc;n khu&ocirc;n mặt người d&ugrave;ng. V&iacute; dụ bạn để r&acirc;u d&agrave;i hơn, hay thay đổi kiểu t&oacute;c, đeo k&iacute;nh th&igrave; n&oacute; vẫn nhận ra.</p>\r\n\r\n<p>&nbsp;</p>\r\n', 500, 'iphone-x-64gb-silver-nhap-khau-chinh-hang.jpg', '[\"iphone-x-64gb-silver-nhap-khau-chinh-hang2.jpg\",\"iphone-x-64gb-silver-nhap-khau-chinh-hang3.jpg\",\"iphone-x-64gb-space-gray-nhap-khau-chinh-hang1.png\"]', '2018-05-31', 12, 'iPhone x giá rẻ, iphone x chính hãng', 'iphone-x-256gb-silver-nhap-khau-chinh-hang', '1 năm', 100, 0, 0, 0, '', 'iPhone X 256GB Silver (Nhập khẩu chính Hãng) giá rẻ cực hót tại AppleShop giao hàng nhanh thanh toán trực tuyến nhiều ưu đãi'),
(24, 6, 'iPhone X 64GB Silver (Nhập khẩu chính Hãng)', '15000.0000', '<p>Apple đ&atilde; giới thiệu iPhone X (iPhone 10) sở hữu m&agrave;n h&igrave;nh OLED 5&rdquo;8 với viền mỏng, FaceID nhận dạng 3D, Chip A11 Bionic, Camera hỗ trợ Portrait Mode trước v&agrave; sau, lớp vỏ kim loại s&aacute;ng b&oacute;ng, sạc kh&ocirc;ng d&acirc;y QI. Kh&ocirc;ng c&ograve;n TouchID v&agrave; n&uacute;t Home cứng n&ecirc;n mọi thao t&aacute;c sẽ thực hiện tr&ecirc;n m&agrave;n h&igrave;nh.</p>\r\n\r\n<p><img alt=\"iphone-x-256gb-silver-nhap-khau-chinh-hang\" src=\"/ckfinder/userfiles/images/iPhoneX/iphone-x-64gb-space-gray-nhap-khau-chinh-hang.png\" /></p>\r\n\r\n<h3>M&agrave;n h&igrave;nh</h3>\r\n\r\n<p>M&agrave;n h&igrave;nh l&agrave; sự thay đổi nhiều nhất của iPhone X với c&aacute;c thế iPhone trước đ&acirc;y. Apple sử dụng m&agrave;n h&igrave;nh OLED v&agrave; đặt t&ecirc;n l&agrave; Super Retina HD. Với k&iacute;ch thước 5&rdquo;8, mật độ điểm ảnh 458 ppi, độ ph&acirc;n giải 2436 x 1125, cao hơn so với mức 1920 x 1080 đang sử dụng cho iPhone 7 Plus v&agrave; iPhone 8 Plus. Apple n&oacute;i rằng m&agrave;n h&igrave;nh OLED của họ khắc phục được tất cả nhược điểm của c&aacute;c thế hệ m&agrave;n h&igrave;nh trước như độ s&aacute;ng k&eacute;m, m&agrave;u sắc kh&ocirc;ng ch&iacute;nh x&aacute;c. Viền của iPhone X rất mỏng v&agrave; m&agrave;n h&igrave;nh chiếm gần như to&agrave;n bộ diện t&iacute;ch của mặt trước.</p>\r\n\r\n<p><img alt=\"iphone-x-256gb-silver-nhap-khau-chinh-hang 2\" src=\"/ckfinder/userfiles/images/iPhoneX/iphone-x-64gb-silver-nhap-khau-chinh-hang3.jpg\" /></p>\r\n\r\n<p>Apple kh&ocirc;ng n&oacute;i về cấu tr&uacute;c điểm ảnh tr&ecirc;n m&agrave;n h&igrave;nh của iPhone X l&agrave; RGB hay Pentile. Tuy nhi&ecirc;n trong phần đ&aacute;nh gi&aacute; về m&agrave;n h&igrave;nh của Ninay Patel từ The Verge n&oacute;i kh&ocirc;ng thấy sự rực m&agrave;u hay rỗ điểm ảnh như c&aacute;c m&agrave;n h&igrave;nh OLED kh&aacute;c.</p>\r\n\r\n<p><img alt=\"iphone-x-256gb-silver-nhap-khau-chinh-hang 3\" src=\"/ckfinder/userfiles/images/iPhoneX/iphone-x-64gb-space-gray-nhap-khau-chinh-hang-2.png\" /></p>\r\n\r\n<h3>FaceID: bảo mật khu&ocirc;n mặt, thay cho TouchID</h3>\r\n\r\n<p>FaceID l&agrave; t&ecirc;n của hệ thống nhận dạng khu&ocirc;n mặt mới. Face ID c&oacute; thể nhận dạng khu&ocirc;n mặt ngay trong b&oacute;ng tối v&agrave; khả năng nhầm lẫn chỉ l&agrave; 1/1.000.000 tức l&agrave; an to&agrave;n hơn cả TouchID. Để l&agrave;m được điều n&agrave;y ngo&agrave;i hệ thống camera, cảm biến ph&iacute;a trước th&igrave; vi xử l&yacute; A11 Bionic cũng l&agrave;m theo d&otilde;i li&ecirc;n tục để thấy được c&aacute;c thay đổi tr&ecirc;n khu&ocirc;n mặt người d&ugrave;ng. V&iacute; dụ bạn để r&acirc;u d&agrave;i hơn, hay thay đổi kiểu t&oacute;c, đeo k&iacute;nh th&igrave; n&oacute; vẫn nhận ra.</p>\r\n', 300, 'iphone-x-64gb-silver-nhap-khau-chinh-hang1.jpg', '[\"iphone-x-64gb-silver-nhap-khau-chinh-hang21.jpg\",\"iphone-x-64gb-silver-nhap-khau-chinh-hang31.jpg\"]', '2018-05-31', 0, 'iPhone x giá rẻ, iphone x chính hãng', 'iphone-x-64gb-silver-nhap-khau-chinh-hang', '1 năm', 100, 0, 0, 0, '', 'iPhone X 64GB Silver (Nhập khẩu chính Hãng) giá rẻ cực hót tại AppleShop giao hàng nhanh thanh toán trực tuyến nhiều ưu đãi'),
(25, 6, 'iPhone X 64GB Space Gray (Nhập khẩu chính Hãng)', '15000.0000', '<p>Apple đ&atilde; giới thiệu iPhone X (iPhone 10) sở hữu m&agrave;n h&igrave;nh OLED 5&rdquo;8 với viền mỏng, FaceID nhận dạng 3D, Chip A11 Bionic, Camera hỗ trợ Portrait Mode trước v&agrave; sau, lớp vỏ kim loại s&aacute;ng b&oacute;ng, sạc kh&ocirc;ng d&acirc;y QI. Kh&ocirc;ng c&ograve;n TouchID v&agrave; n&uacute;t Home cứng n&ecirc;n mọi thao t&aacute;c sẽ thực hiện tr&ecirc;n m&agrave;n h&igrave;nh.</p>\r\n\r\n<p><img alt=\"iphone-x-64gb-space-gray-nhap-khau-chinh-hang\" src=\"/ckfinder/userfiles/images/iPhoneX/iphone-x-64gb-space-gray-nhap-khau-chinh-hang.png\" style=\"height:334px; width:450px\" /></p>\r\n\r\n<h3>M&agrave;n h&igrave;nh</h3>\r\n\r\n<p>M&agrave;n h&igrave;nh l&agrave; sự thay đổi nhiều nhất của iPhone X với c&aacute;c thế iPhone trước đ&acirc;y. Apple sử dụng m&agrave;n h&igrave;nh OLED v&agrave; đặt t&ecirc;n l&agrave; Super Retina HD. Với k&iacute;ch thước 5&rdquo;8, mật độ điểm ảnh 458 ppi, độ ph&acirc;n giải 2436 x 1125, cao hơn so với mức 1920 x 1080 đang sử dụng cho iPhone 7 Plus v&agrave; iPhone 8 Plus. Apple n&oacute;i rằng m&agrave;n h&igrave;nh OLED của họ khắc phục được tất cả nhược điểm của c&aacute;c thế hệ m&agrave;n h&igrave;nh trước như độ s&aacute;ng k&eacute;m, m&agrave;u sắc kh&ocirc;ng ch&iacute;nh x&aacute;c. Viền của iPhone X rất mỏng v&agrave; m&agrave;n h&igrave;nh chiếm gần như to&agrave;n bộ diện t&iacute;ch của mặt trước.</p>\r\n\r\n<p><img alt=\"iphone-x-64gb-space-gray-nhap-khau-chinh-hang\" src=\"/ckfinder/userfiles/images/iPhoneX/iphone-x-64gb-space-gray-nhap-khau-chinh-hang-3.jpg\" style=\"height:450px; width:450px\" /></p>\r\n\r\n<p>Apple kh&ocirc;ng n&oacute;i về cấu tr&uacute;c điểm ảnh tr&ecirc;n m&agrave;n h&igrave;nh của iPhone X l&agrave; RGB hay Pentile. Tuy nhi&ecirc;n trong phần đ&aacute;nh gi&aacute; về m&agrave;n h&igrave;nh của Ninay Patel từ The Verge n&oacute;i kh&ocirc;ng thấy sự rực m&agrave;u hay rỗ điểm ảnh như c&aacute;c m&agrave;n h&igrave;nh OLED kh&aacute;c.</p>\r\n\r\n<p><img alt=\"iphone-x-64gb-space-gray-nhap-khau-chinh-hang 3\" src=\"/ckfinder/userfiles/images/iPhoneX/iphone-x-64gb-space-gray-nhap-khau-chinh-hang-2.png\" style=\"height:304px; width:450px\" /></p>\r\n\r\n<h3>FaceID: bảo mật khu&ocirc;n mặt, thay cho TouchID</h3>\r\n\r\n<p>FaceID l&agrave; t&ecirc;n của hệ thống nhận dạng khu&ocirc;n mặt mới. Face ID c&oacute; thể nhận dạng khu&ocirc;n mặt ngay trong b&oacute;ng tối v&agrave; khả năng nhầm lẫn chỉ l&agrave; 1/1.000.000 tức l&agrave; an to&agrave;n hơn cả TouchID. Để l&agrave;m được điều n&agrave;y ngo&agrave;i hệ thống camera, cảm biến ph&iacute;a trước th&igrave; vi xử l&yacute; A11 Bionic cũng l&agrave;m theo d&otilde;i li&ecirc;n tục để thấy được c&aacute;c thay đổi tr&ecirc;n khu&ocirc;n mặt người d&ugrave;ng. V&iacute; dụ bạn để r&acirc;u d&agrave;i hơn, hay thay đổi kiểu t&oacute;c, đeo k&iacute;nh th&igrave; n&oacute; vẫn nhận ra.</p>\r\n\r\n<p>&nbsp;</p>\r\n', 300, 'iphone-x-64gb-space-gray-nhap-khau-chinh-hang1.jpg', '[\"iphone-x-64gb-space-gray-nhap-khau-chinh-hang-21.jpg\",\"iphone-x-64gb-space-gray-nhap-khau-chinh-hang-31.jpg\"]', '2018-05-31', 3, 'iPhone x giá rẻ, iphone x chính hãng', 'iphone-x-64gb-space-gray-nhap-khau-chinh-hang', '1 năm', 100, 0, 0, 0, '', 'iPhone X 64GB Space Gray (Nhập khẩu chính Hãng) giá rẻ hơn thị trường chỉ có tại AppleShop, đặt hàng và thanh toán nhanh chóng'),
(26, 5, 'iPhone 8 Plus - 256GB RED chính hãng', '7700000.0000', '<p>iPhone 8 ra mắt chứng kiến sự trở lại của thiết kế mặt k&iacute;nh tuyệt đẹp. Mạnh mẽ hơn, th&ocirc;ng minh hơn, cải tiến nhiều hơn nữa để mang lại những trải nghiệm tuyệt vời nhất, ch&iacute;nh l&agrave; sứ mệnh của iPhone 8</p>\r\n\r\n<p><img alt=\"iphone-8-plus-256gb-red\" src=\"/ckfinder/userfiles/images/iPhone%208/iphone-8-plus-256gb-red.jpg\" style=\"height:450px; width:450px\" /></p>\r\n\r\n<h3>SỰ TRỞ LẠI CỦA CHẤT LIỆU K&Iacute;NH TR&Ecirc;N MỘT CHIẾC IPHONE</h3>\r\n\r\n<p>iPhone 8 c&ugrave;ng chất liệu k&iacute;nh cả mặt trước v&agrave; mặt sau đều đạt đến độ ho&agrave;n thiện cao nhất. Nhờ vậy, t&iacute;nh năng sạc kh&ocirc;ng d&acirc;y được ra mắt mang đến trải nghiệm tiện dụng nhất cho người d&ugrave;ng. Khả năng chống nước v&agrave; bụi vẫn được trang bị tr&ecirc;n iPhone 8.</p>\r\n\r\n<p><img alt=\"iphone-8-plus-256gb-red 2 \" src=\"/ckfinder/userfiles/images/iPhone%208/iphone-8-plus-256gb-red-2.jpg\" style=\"height:450px; width:450px\" /></p>\r\n\r\n<h3>M&Agrave;N H&Igrave;NH RETINA HD TRUE TONE</h3>\r\n\r\n<p>C&ocirc;ng nghệ Retina HD tr&ecirc;n m&agrave;n h&igrave;nh iPhone 8 vẫn đẹp một c&aacute;ch trung thực v&agrave; giờ đ&acirc;y với True Tone, c&ocirc;ng nghệ mới sẽ gi&uacute;p dải m&agrave;u hiển thị rộng hơn, tự động căn chỉnh m&agrave;u cho ph&ugrave; hợp với m&ocirc;i trường xung quanh.</p>\r\n\r\n<p><img alt=\"iphone-8-plus-256gb-red 3\" src=\"/ckfinder/userfiles/images/iPhone%208/iphone-8-plus-256gb-red-1.jpg\" style=\"height:450px; width:450px\" /></p>\r\n\r\n<h3>CAMERA N&Acirc;NG CẤP MẠNH MẼ</h3>\r\n\r\n<p>Hệ thống camera mới với c&ugrave;ng độ ph&acirc;n giải, c&ugrave;ng chức năng nhưng cấu h&igrave;nh thay đổi nhiều gi&uacute;p n&oacute; mạnh mẽ hơn. Giờ đ&acirc;y khả năng quay video 4K 60fps hay 1080 240fps đ&atilde; nằm trong cảm biến camera của iPhone 8. iPhone 8 Plus vẫn trang bị hai camera v&agrave; khả năng chụp ch&acirc;n dung như iPhone 7 Plus. Nhưng hệ thống chống rung giờ đ&acirc;y c&oacute; cả tr&ecirc;n hai camera. Bổ sung Portrait Lightning l&agrave; chế độ mới b&ecirc;n cạnh chế độ Portrait</p>\r\n\r\n<p>&nbsp;</p>\r\n\r\n<p>&nbsp;</p>\r\n', 700000, 'iphone-8-plus-256gb-red.jpg', '[\"iphone-8-plus-256gb-red-1.jpg\",\"iphone-8-plus-256gb-red-2.jpg\"]', '2018-05-31', 2, 'iPhone 8 giá rẻ, iphone 8 red chính hãng', 'iphone-8-plus-256gb-red-chinh-hang', '1 năm', 100, 0, 0, 0, '', 'Apple Shop cung cấp các sản phẩm iphone 8 chính hãng giá rẻ, iphone 8 red cấu hình siêu mạnh giá cực tốt'),
(27, 4, 'iPhone 7 32GB Black Quốc Tế (LIKE NEW)', '8500000.0000', '<p>iPhone 7 c&oacute; thiết kế giống với iPhone 6s (v&agrave; iPhone 6 trước đ&oacute;) với th&acirc;n kim loại bo tr&ograve;n. Nhưng điểm mới trong thiết kế của điện thoại n&agrave;y l&agrave; khả năng chống nước đạt chuẩn IP67, nghĩa l&agrave; n&oacute; c&oacute; thể trụ được 30 ph&uacute;t dưới nước ở độ s&acirc;u 1 m&eacute;t. C&aacute;c chi tiết mới đ&aacute;ng kể nữa trong thiết kế l&agrave; vị tr&iacute; dải ăng ten thay đổi, hiện nằm ở s&aacute;t ph&iacute;a tr&ecirc;n v&agrave; dưới mặt lưng khiến iPhone mới tr&ocirc;ng tho&aacute;ng đạt hơn. iPhone 7 c&oacute; th&ecirc;m lựa chọn m&agrave;u đen b&oacute;ng v&agrave; đen nh&aacute;m lạ mắt c&ugrave;ng với c&aacute;c lựa chọn m&agrave;u cũ l&agrave; v&agrave;ng, v&agrave;ng hồng v&agrave; bạc.</p>\r\n\r\n<p><img alt=\"iphone-7-32gb-black-quoc-te-like-new\" src=\"/ckfinder/userfiles/images/iPhone%207/iphone-7-32gb-quoc-te-like-new.jpg\" style=\"height:675px; width:450px\" /></p>\r\n\r\n<p>Giắc &acirc;m thanh 3.5mm đ&atilde; kh&ocirc;ng c&ograve;n. Như vậy, tai nghe c&oacute; d&acirc;y sẽ phải cắm qua cổng Lightning. Tất nhi&ecirc;n, ch&uacute;ng ta c&oacute; thể sử dụng tai nghe Bluetooth để kết nối với iPhone mới. Apple cũng đi k&egrave;m tai nghe Earpod mới, c&aacute;p Lightning v&agrave; bộ chuyển đổi Lightning sang 3.5mm trong hộp m&aacute;y iPhone 7 v&agrave; 7 Plus.</p>\r\n\r\n<p><img alt=\"iphone-7-32gb-black-quoc-te-like-new2\" src=\"/ckfinder/userfiles/images/iPhone%207/iphone-7-32gb-quoc-te-like-new2.jpg\" style=\"height:242px; width:450px\" /></p>\r\n\r\n<p>N&uacute;t Home tr&ecirc;n iPhone 7 đ&atilde; được thiết kế lại, trở th&agrave;nh n&uacute;t cảm ứng với hệ thống phản hồi x&uacute;c gi&aacute;c giống như b&agrave;n di Force Touch tr&ecirc;n c&aacute;c laptop Macbook gần đ&acirc;y.</p>\r\n\r\n<p><img alt=\"iphone-7-32gb-black-quoc-te-like-new3\" src=\"/ckfinder/userfiles/images/iPhone%207/iphone-7-32gb-quoc-te-like-new3.jpg\" style=\"height:216px; width:450px\" /></p>\r\n\r\n<p>Camera tr&ecirc;n phi&ecirc;n bản iPhone 7 thường được n&acirc;ng cấp mạnh với khả năng chống rung quang học, khẩu mở lớn f/1.8 thu s&aacute;ng nhiều hơn 50% so với ống k&iacute;nh f/2.2 của iPhone 6s. Apple cho biết cảm biến camera tr&ecirc;n iPhone 7 vẫn l&agrave; 12MP như thế hệ cũ nhưng tốc độ nhanh hơn 60% v&agrave; ti&ecirc;u hao điện năng thấp hơn 30%. C&ugrave;ng với đ&oacute; l&agrave; chip xử l&yacute; h&igrave;nh ảnh do Apple tự thiết kế v&agrave; hệ thống 4 đ&egrave;n flash tạo ra lượng &aacute;nh s&aacute;ng nhiều hơn 50%. Trong khi đ&oacute;, camera trước cũng được n&acirc;ng l&ecirc;n 7MP với khả năng chống rung ảnh tự động để cải thiện chất lượng ảnh tự sướng v&agrave; video.</p>\r\n\r\n<p><img alt=\"iphone-7-32gb-black-quoc-te-like-new4\" src=\"/ckfinder/userfiles/images/iPhone%207/iphone-7-32gb-quoc-te-like-new4.jpg\" style=\"height:191px; width:450px\" /></p>\r\n\r\n<p>iPhone mới cũng c&oacute; m&agrave;n h&igrave;nh n&acirc;ng cấp s&aacute;ng hơn 25%, dải m&agrave;u rộng hơn với khả năng t&aacute;i tạo m&agrave;u tốt hơn. M&aacute;y cũng c&oacute; m&agrave;n h&igrave;nh cảm ứng lực 3D Touch giống như iPhone 6s. Nhưng Apple kh&ocirc;ng n&acirc;ng cấp độ ph&acirc;n giải lẫn k&iacute;ch thước m&agrave;n h&igrave;nh của c&aacute;c iPhone mới, nghĩa l&agrave; iPhone 7 năm nay vẫn c&oacute; số lượng điểm ảnh tương tự iPhone 6 của năm 2014. Cụ thể, iPhone 7 c&oacute; m&agrave;n h&igrave;nh độ ph&acirc;n giải 750 x 1334 pixel k&iacute;ch thước 4.7 inch với mật độ điểm ảnh 326 PPI.</p>\r\n', 150000, 'iphone-7-32gb-quoc-te-like-new.jpg', '[\"iphone-7-32gb-quoc-te-like-new2.jpg\",\"iphone-7-32gb-quoc-te-like-new3.jpg\",\"iphone-7-32gb-quoc-te-like-new4.jpg\"]', '2018-06-03', 0, 'iPhone 7 giá rẻ, iphone 7 chính hãng', 'iphone-7-32gb-black-quoc-te-like-new', '1 năm', 100, 0, 0, 0, '', 'Apple đã chính thức ra mắt bộ đôi iPhone 7 và iPhone 7 Plus chấm dứt những đồn đoán kéo dài nhiều tháng qua. Cả thiết kế lẫn cấu hình của cả hai sản phẩm iPhone mới đều không khác nhiều so với những thông tin rò rỉ trước đó'),
(28, 4, 'iPhone 7 128GB Black Quốc Tế (LIKE NEW)', '9200000.0000', '<p>iPhone 7 c&oacute; thiết kế giống với iPhone 6s (v&agrave; iPhone 6 trước đ&oacute;) với th&acirc;n kim loại bo tr&ograve;n. Nhưng điểm mới trong thiết kế của điện thoại n&agrave;y l&agrave; khả năng chống nước đạt chuẩn IP67, nghĩa l&agrave; n&oacute; c&oacute; thể trụ được 30 ph&uacute;t dưới nước ở độ s&acirc;u 1 m&eacute;t. C&aacute;c chi tiết mới đ&aacute;ng kể nữa trong thiết kế l&agrave; vị tr&iacute; dải ăng ten thay đổi, hiện nằm ở s&aacute;t ph&iacute;a tr&ecirc;n v&agrave; dưới mặt lưng khiến iPhone mới tr&ocirc;ng tho&aacute;ng đạt hơn. iPhone 7 c&oacute; th&ecirc;m lựa chọn m&agrave;u đen b&oacute;ng v&agrave; đen nh&aacute;m lạ mắt c&ugrave;ng với c&aacute;c lựa chọn m&agrave;u cũ l&agrave; v&agrave;ng, v&agrave;ng hồng v&agrave; bạc.</p>\r\n\r\n<p><img alt=\"iphone-7-32gb-black-quoc-te-like-new\" src=\"/ckfinder/userfiles/images/iPhone%207/iphone-7-32gb-quoc-te-like-new.jpg\" /></p>\r\n\r\n<p>Giắc &acirc;m thanh 3.5mm đ&atilde; kh&ocirc;ng c&ograve;n. Như vậy, tai nghe c&oacute; d&acirc;y sẽ phải cắm qua cổng Lightning. Tất nhi&ecirc;n, ch&uacute;ng ta c&oacute; thể sử dụng tai nghe Bluetooth để kết nối với iPhone mới. Apple cũng đi k&egrave;m tai nghe Earpod mới, c&aacute;p Lightning v&agrave; bộ chuyển đổi Lightning sang 3.5mm trong hộp m&aacute;y iPhone 7 v&agrave; 7 Plus.</p>\r\n\r\n<p><img alt=\"iphone-7-32gb-black-quoc-te-like-new2\" src=\"/ckfinder/userfiles/images/iPhone%207/iphone-7-32gb-quoc-te-like-new2.jpg\" /></p>\r\n\r\n<p>N&uacute;t Home tr&ecirc;n iPhone 7 đ&atilde; được thiết kế lại, trở th&agrave;nh n&uacute;t cảm ứng với hệ thống phản hồi x&uacute;c gi&aacute;c giống như b&agrave;n di Force Touch tr&ecirc;n c&aacute;c laptop Macbook gần đ&acirc;y.</p>\r\n\r\n<p><img alt=\"iphone-7-32gb-black-quoc-te-like-new3\" src=\"/ckfinder/userfiles/images/iPhone%207/iphone-7-32gb-quoc-te-like-new3.jpg\" /></p>\r\n\r\n<p>Camera tr&ecirc;n phi&ecirc;n bản iPhone 7 thường được n&acirc;ng cấp mạnh với khả năng chống rung quang học, khẩu mở lớn f/1.8 thu s&aacute;ng nhiều hơn 50% so với ống k&iacute;nh f/2.2 của iPhone 6s. Apple cho biết cảm biến camera tr&ecirc;n iPhone 7 vẫn l&agrave; 12MP như thế hệ cũ nhưng tốc độ nhanh hơn 60% v&agrave; ti&ecirc;u hao điện năng thấp hơn 30%. C&ugrave;ng với đ&oacute; l&agrave; chip xử l&yacute; h&igrave;nh ảnh do Apple tự thiết kế v&agrave; hệ thống 4 đ&egrave;n flash tạo ra lượng &aacute;nh s&aacute;ng nhiều hơn 50%. Trong khi đ&oacute;, camera trước cũng được n&acirc;ng l&ecirc;n 7MP với khả năng chống rung ảnh tự động để cải thiện chất lượng ảnh tự sướng v&agrave; video.</p>\r\n\r\n<p><img alt=\"iphone-7-32gb-black-quoc-te-like-new4\" src=\"/ckfinder/userfiles/images/iPhone%207/iphone-7-32gb-quoc-te-like-new4.jpg\" /></p>\r\n\r\n<p>iPhone mới cũng c&oacute; m&agrave;n h&igrave;nh n&acirc;ng cấp s&aacute;ng hơn 25%, dải m&agrave;u rộng hơn với khả năng t&aacute;i tạo m&agrave;u tốt hơn. M&aacute;y cũng c&oacute; m&agrave;n h&igrave;nh cảm ứng lực 3D Touch giống như iPhone 6s. Nhưng Apple kh&ocirc;ng n&acirc;ng cấp độ ph&acirc;n giải lẫn k&iacute;ch thước m&agrave;n h&igrave;nh của c&aacute;c iPhone mới, nghĩa l&agrave; iPhone 7 năm nay vẫn c&oacute; số lượng điểm ảnh tương tự iPhone 6 của năm 2014. Cụ thể, iPhone 7 c&oacute; m&agrave;n h&igrave;nh độ ph&acirc;n giải 750 x 1334 pixel k&iacute;ch thước 4.7 inch với mật độ điểm ảnh 326 PPI.</p>\r\n', 50000, 'iphone-7-128gb-quoc-te-like-new.jpg', '[\"iphone-7-128gb-quoc-te-like-new2.jpg\",\"iphone-7-128gb-quoc-te-like-new3.jpg\",\"iphone-7-128gb-quoc-te-like-new4.jpg\"]', '2018-06-03', 1, 'iPhone 7 giá rẻ, iphone 7 chính hãng', 'iphone-7-128gb-black-quoc-te-like-new', '1 năm', 100, 0, 0, 0, '', 'Apple đã chính thức ra mắt bộ đôi iPhone 7 và iPhone 7 Plus chấm dứt những đồn đoán kéo dài nhiều tháng qua. Cả thiết kế lẫn cấu hình của cả hai sản phẩm iPhone mới đều không khác nhiều so với những thông tin rò rỉ trước đó'),
(29, 4, 'iPhone 7 Plus Red 128GB LL/A Quốc Tế (Like New)', '9500000.0000', '<p>iPhone 7 c&oacute; thiết kế giống với iPhone 6s (v&agrave; iPhone 6 trước đ&oacute;) với th&acirc;n kim loại bo tr&ograve;n. Nhưng điểm mới trong thiết kế của điện thoại n&agrave;y l&agrave; khả năng chống nước đạt chuẩn IP67, nghĩa l&agrave; n&oacute; c&oacute; thể trụ được 30 ph&uacute;t dưới nước ở độ s&acirc;u 1 m&eacute;t. C&aacute;c chi tiết mới đ&aacute;ng kể nữa trong thiết kế l&agrave; vị tr&iacute; dải ăng ten thay đổi, hiện nằm ở s&aacute;t ph&iacute;a tr&ecirc;n v&agrave; dưới mặt lưng khiến iPhone mới tr&ocirc;ng tho&aacute;ng đạt hơn. iPhone 7 c&oacute; th&ecirc;m lựa chọn m&agrave;u đen b&oacute;ng v&agrave; đen nh&aacute;m lạ mắt c&ugrave;ng với c&aacute;c lựa chọn m&agrave;u cũ l&agrave; v&agrave;ng, v&agrave;ng hồng v&agrave; bạc.</p>\r\n\r\n<p><img alt=\"iphone-7-plus-red-128gb-ll-a-quoc-te\" src=\"/ckfinder/userfiles/images/iPhone%207/iphone-7-plus-128gb-ll-a-quoc-te2.png\" style=\"height:518px; width:450px\" /></p>\r\n\r\n<p>Giắc &acirc;m thanh 3.5mm đ&atilde; kh&ocirc;ng c&ograve;n. Như vậy, tai nghe c&oacute; d&acirc;y sẽ phải cắm qua cổng Lightning. Tất nhi&ecirc;n, ch&uacute;ng ta c&oacute; thể sử dụng tai nghe Bluetooth để kết nối với iPhone mới. Apple cũng đi k&egrave;m tai nghe Earpod mới, c&aacute;p Lightning v&agrave; bộ chuyển đổi Lightning sang 3.5mm trong hộp m&aacute;y iPhone 7 v&agrave; 7 Plus.</p>\r\n\r\n<p><img alt=\"iphone-7-plus-red-128gb-ll-a-quoc-te\" src=\"/ckfinder/userfiles/images/iPhone%207/iphone-7-plus-128gb-ll-a-quoc-te3.jpg\" style=\"height:450px; width:450px\" /></p>\r\n\r\n<p>N&uacute;t Home tr&ecirc;n iPhone 7 đ&atilde; được thiết kế lại, trở th&agrave;nh n&uacute;t cảm ứng với hệ thống phản hồi x&uacute;c gi&aacute;c giống như b&agrave;n di Force Touch tr&ecirc;n c&aacute;c laptop Macbook gần đ&acirc;y.</p>\r\n\r\n<p>&nbsp;</p>\r\n\r\n<p>Camera tr&ecirc;n phi&ecirc;n bản iPhone 7 thường được n&acirc;ng cấp mạnh với khả năng chống rung quang học, khẩu mở lớn f/1.8 thu s&aacute;ng nhiều hơn 50% so với ống k&iacute;nh f/2.2 của iPhone 6s. Apple cho biết cảm biến camera tr&ecirc;n iPhone 7 vẫn l&agrave; 12MP như thế hệ cũ nhưng tốc độ nhanh hơn 60% v&agrave; ti&ecirc;u hao điện năng thấp hơn 30%. C&ugrave;ng với đ&oacute; l&agrave; chip xử l&yacute; h&igrave;nh ảnh do Apple tự thiết kế v&agrave; hệ thống 4 đ&egrave;n flash tạo ra lượng &aacute;nh s&aacute;ng nhiều hơn 50%. Trong khi đ&oacute;, camera trước cũng được n&acirc;ng l&ecirc;n 7MP với khả năng chống rung ảnh tự động để cải thiện chất lượng ảnh tự sướng v&agrave; video.</p>\r\n\r\n<p><img alt=\"iphone-7-plus-red-128gb-ll-a-quoc-te3\" src=\"/ckfinder/userfiles/images/iPhone%207/iphone-7-plus-128gb-ll-a-quoc-te4.jpg\" style=\"height:450px; width:450px\" /></p>\r\n\r\n<p>iPhone mới cũng c&oacute; m&agrave;n h&igrave;nh n&acirc;ng cấp s&aacute;ng hơn 25%, dải m&agrave;u rộng hơn với khả năng t&aacute;i tạo m&agrave;u tốt hơn. M&aacute;y cũng c&oacute; m&agrave;n h&igrave;nh cảm ứng lực 3D Touch giống như iPhone 6s. Nhưng Apple kh&ocirc;ng n&acirc;ng cấp độ ph&acirc;n giải lẫn k&iacute;ch thước m&agrave;n h&igrave;nh của c&aacute;c iPhone mới, nghĩa l&agrave; iPhone 7 năm nay vẫn c&oacute; số lượng điểm ảnh tương tự iPhone 6 của năm 2014. Cụ thể, iPhone 7 c&oacute; m&agrave;n h&igrave;nh độ ph&acirc;n giải 750 x 1334 pixel k&iacute;ch thước 4.7 inch với mật độ điểm ảnh 326 PPI.</p>\r\n', 120000, 'iphone-7-plus-red-128gb-ll-a-quoc-te.jpg', '[\"iphone-7-plus-128gb-ll-a-quoc-te3.jpg\",\"iphone-7-plus-128gb-ll-a-quoc-te4.jpg\"]', '2018-06-03', 0, 'iPhone 7 plus giá rẻ, iphone 7 plus like new', 'iphone-7-plus-red-128gb-ll-a-quoc-te-like-new', '1 năm', 100, 0, 0, 0, '', 'iPhone 7 Plus 128GB LL/A Quốc tế là được xách tay trực tiếp từ thị trường uy tín của Mỹ. Máy Like New y như mới, trầy xước không đáng kể, máy đẹp và hiệu năng ổn định cho trải nghiệm hoàn hảo đáp ứng mọi công việc học tập và làm việc của bạn.'),
(30, 5, 'iPhone 8 64GB Red (Nhập khẩu chính Hãng)', '7000000.0000', '<p>iPhone 8 ra mắt chứng kiến sự trở lại của thiết kế mặt k&iacute;nh tuyệt đẹp. Mạnh mẽ hơn, th&ocirc;ng minh hơn, cải tiến nhiều hơn nữa để mang lại những trải nghiệm tuyệt vời nhất, ch&iacute;nh l&agrave; sứ mệnh của iPhone 8</p>\r\n\r\n<p><img alt=\"iphone-8-plus-256gb-red\" src=\"/ckfinder/userfiles/images/iPhone%208/iphone-8-plus-256gb-red.jpg\" /></p>\r\n\r\n<h3>SỰ TRỞ LẠI CỦA CHẤT LIỆU K&Iacute;NH TR&Ecirc;N MỘT CHIẾC IPHONE</h3>\r\n\r\n<p>iPhone 8 c&ugrave;ng chất liệu k&iacute;nh cả mặt trước v&agrave; mặt sau đều đạt đến độ ho&agrave;n thiện cao nhất. Nhờ vậy, t&iacute;nh năng sạc kh&ocirc;ng d&acirc;y được ra mắt mang đến trải nghiệm tiện dụng nhất cho người d&ugrave;ng. Khả năng chống nước v&agrave; bụi vẫn được trang bị tr&ecirc;n iPhone 8.</p>\r\n\r\n<p><img alt=\"iphone-8-plus-256gb-red 2 \" src=\"/ckfinder/userfiles/images/iPhone%208/iphone-8-plus-256gb-red-2.jpg\" /></p>\r\n\r\n<h3>M&Agrave;N H&Igrave;NH RETINA HD TRUE TONE</h3>\r\n\r\n<p>C&ocirc;ng nghệ Retina HD tr&ecirc;n m&agrave;n h&igrave;nh iPhone 8 vẫn đẹp một c&aacute;ch trung thực v&agrave; giờ đ&acirc;y với True Tone, c&ocirc;ng nghệ mới sẽ gi&uacute;p dải m&agrave;u hiển thị rộng hơn, tự động căn chỉnh m&agrave;u cho ph&ugrave; hợp với m&ocirc;i trường xung quanh.</p>\r\n\r\n<p><img alt=\"iphone-8-plus-256gb-red 3\" src=\"/ckfinder/userfiles/images/iPhone%208/iphone-8-plus-256gb-red-1.jpg\" /></p>\r\n\r\n<h3>CAMERA N&Acirc;NG CẤP MẠNH MẼ</h3>\r\n\r\n<p>Hệ thống camera mới với c&ugrave;ng độ ph&acirc;n giải, c&ugrave;ng chức năng nhưng cấu h&igrave;nh thay đổi nhiều gi&uacute;p n&oacute; mạnh mẽ hơn. Giờ đ&acirc;y khả năng quay video 4K 60fps hay 1080 240fps đ&atilde; nằm trong cảm biến camera của iPhone 8. iPhone 8 Plus vẫn trang bị hai camera v&agrave; khả năng chụp ch&acirc;n dung như iPhone 7 Plus. Nhưng hệ thống chống rung giờ đ&acirc;y c&oacute; cả tr&ecirc;n hai camera. Bổ sung Portrait Lightning l&agrave; chế độ mới b&ecirc;n cạnh chế độ Portrait</p>\r\n\r\n<p>&nbsp;</p>\r\n', 300000, 'iphone-8-plus-256gb-red3.jpg', '[\"iphone-8-64gb-red-nhap-khau-chinh-hang.jpg\",\"iphone-8-64gb-red-nhap-khau-chinh-hang2.jpg\"]', '2018-06-03', 0, 'iPhone 8 giá rẻ, iphone 8 red chính hãng', 'iphone-8-64gb-red-nhap-khau-chinh-hang', '1 năm', 50, 0, 0, 0, '', 'Apple Shop cung cấp các sản phẩm iphone 8 chính hãng giá rẻ, iphone 8 red cấu hình siêu mạnh giá cực tốt'),
(31, 5, 'iPhone 8 Plus 256GB Space Gray Chính Hãng', '7700000.0000', '<p>iPhone 8 ra mắt chứng kiến sự trở lại của thiết kế mặt k&iacute;nh tuyệt đẹp. Mạnh mẽ hơn, th&ocirc;ng minh hơn, cải tiến nhiều hơn nữa để mang lại những trải nghiệm tuyệt vời nhất, ch&iacute;nh l&agrave; sứ mệnh của iPhone 8</p>\r\n\r\n<p><img alt=\"iphone-8-plus-256gb-space-gray-nhap-khau-chinh-hang\" src=\"/ckfinder/userfiles/images/iPhone%208/iphone-8-plus-256gb-space-gray-nhap-khau-chinh-hang.jpg\" style=\"height:450px; width:450px\" /></p>\r\n\r\n<h3>SỰ TRỞ LẠI CỦA CHẤT LIỆU K&Iacute;NH TR&Ecirc;N MỘT CHIẾC IPHONE</h3>\r\n\r\n<p>iPhone 8 c&ugrave;ng chất liệu k&iacute;nh cả mặt trước v&agrave; mặt sau đều đạt đến độ ho&agrave;n thiện cao nhất. Nhờ vậy, t&iacute;nh năng sạc kh&ocirc;ng d&acirc;y được ra mắt mang đến trải nghiệm tiện dụng nhất cho người d&ugrave;ng. Khả năng chống nước v&agrave; bụi vẫn được trang bị tr&ecirc;n iPhone 8.</p>\r\n\r\n<p><img alt=\"iphone-8-plus-256gb-space-gray-nhap-khau-chinh-hang2\" src=\"/ckfinder/userfiles/images/iPhone%208/iphone-8-plus-256gb-space-gray-nhap-khau-chinh-hang2.png\" style=\"height:335px; width:450px\" /></p>\r\n\r\n<h3>M&Agrave;N H&Igrave;NH RETINA HD TRUE TONE</h3>\r\n\r\n<p>C&ocirc;ng nghệ Retina HD tr&ecirc;n m&agrave;n h&igrave;nh iPhone 8 vẫn đẹp một c&aacute;ch trung thực v&agrave; giờ đ&acirc;y với True Tone, c&ocirc;ng nghệ mới sẽ gi&uacute;p dải m&agrave;u hiển thị rộng hơn, tự động căn chỉnh m&agrave;u cho ph&ugrave; hợp với m&ocirc;i trường xung quanh.</p>\r\n\r\n<p><img alt=\"iphone-8-plus-256gb-space-gray-nhap-khau-chinh-hang3\" src=\"/ckfinder/userfiles/images/iPhone%208/iphone-8-plus-256gb-space-gray-nhap-khau-chinh-hang3.png\" style=\"height:287px; width:450px\" /></p>\r\n\r\n<h3>CAMERA N&Acirc;NG CẤP MẠNH MẼ</h3>\r\n\r\n<p>Hệ thống camera mới với c&ugrave;ng độ ph&acirc;n giải, c&ugrave;ng chức năng nhưng cấu h&igrave;nh thay đổi nhiều gi&uacute;p n&oacute; mạnh mẽ hơn. Giờ đ&acirc;y khả năng quay video 4K 60fps hay 1080 240fps đ&atilde; nằm trong cảm biến camera của iPhone 8. iPhone 8 Plus vẫn trang bị hai camera v&agrave; khả năng chụp ch&acirc;n dung như iPhone 7 Plus. Nhưng hệ thống chống rung giờ đ&acirc;y c&oacute; cả tr&ecirc;n hai camera. Bổ sung Portrait Lightning l&agrave; chế độ mới b&ecirc;n cạnh chế độ Portrait</p>\r\n\r\n<p><img alt=\"iphone-8-plus-256gb-space-gray-nhap-khau-chinh-hang4\" src=\"/ckfinder/userfiles/images/iPhone%208/iphone-8-plus-256gb-space-gray-nhap-khau-chinh-hang4.png\" style=\"height:361px; width:450px\" /></p>\r\n', 700000, 'iphone-8-plus-256gb-space-gray-chinh-hang.jpg', '[\"iphone-8-plus-256gb-space-gray-nhap-khau-chinh-hang2.png\",\"iphone-8-plus-256gb-space-gray-nhap-khau-chinh-hang3.png\"]', '2018-06-03', 0, 'iPhone 8 giá rẻ, iphone 8 red chính hãng', 'iphone-8-plus-256gb-space-gray-chinh-hang', '1 năm', 90, 0, 0, 0, '', 'Apple Shop cung cấp các sản phẩm iphone 8 chính hãng giá rẻ, iphone 8 red cấu hình siêu mạnh giá cực tốt'),
(32, 5, 'iPhone 8 Plus 64GB Silver Nhập Khẩu Chính Hãng', '8890000.0000', '<p>iPhone 8 ra mắt chứng kiến sự trở lại của thiết kế mặt k&iacute;nh tuyệt đẹp. Mạnh mẽ hơn, th&ocirc;ng minh hơn, cải tiến nhiều hơn nữa để mang lại những trải nghiệm tuyệt vời nhất, ch&iacute;nh l&agrave; sứ mệnh của iPhone 8</p>\r\n\r\n<p><img alt=\"iphone-8-plus-64gb-silver-chinh-hang\" src=\"/ckfinder/userfiles/images/iPhone%208/iphone-8-plus-64gb-silver-chinh-hang4.jpg\" style=\"height:253px; width:450px\" /></p>\r\n\r\n<h3>SỰ TRỞ LẠI CỦA CHẤT LIỆU K&Iacute;NH TR&Ecirc;N MỘT CHIẾC IPHONE</h3>\r\n\r\n<p>iPhone 8 c&ugrave;ng chất liệu k&iacute;nh cả mặt trước v&agrave; mặt sau đều đạt đến độ ho&agrave;n thiện cao nhất. Nhờ vậy, t&iacute;nh năng sạc kh&ocirc;ng d&acirc;y được ra mắt mang đến trải nghiệm tiện dụng nhất cho người d&ugrave;ng. Khả năng chống nước v&agrave; bụi vẫn được trang bị tr&ecirc;n iPhone 8.</p>\r\n\r\n<p><img alt=\"iphone-8-plus-64gb-silver-chinh-hang4\" src=\"/ckfinder/userfiles/images/iPhone%208/iphone-8-plus-256gb-space-gray-nhap-khau-chinh-hang4.png\" style=\"height:361px; width:450px\" /></p>\r\n\r\n<h3>M&Agrave;N H&Igrave;NH RETINA HD TRUE TONE</h3>\r\n\r\n<p>C&ocirc;ng nghệ Retina HD tr&ecirc;n m&agrave;n h&igrave;nh iPhone 8 vẫn đẹp một c&aacute;ch trung thực v&agrave; giờ đ&acirc;y với True Tone, c&ocirc;ng nghệ mới sẽ gi&uacute;p dải m&agrave;u hiển thị rộng hơn, tự động căn chỉnh m&agrave;u cho ph&ugrave; hợp với m&ocirc;i trường xung quanh.</p>\r\n\r\n<p><img alt=\"iphone-8-plus-64gb-silver-chinh-hang\" src=\"/ckfinder/userfiles/images/iPhone%208/iphone-8-plus-64gb-silver-chinh-hang3.jpg\" style=\"height:253px; width:450px\" /></p>\r\n\r\n<h3>CAMERA N&Acirc;NG CẤP MẠNH MẼ</h3>\r\n\r\n<p>Hệ thống camera mới với c&ugrave;ng độ ph&acirc;n giải, c&ugrave;ng chức năng nhưng cấu h&igrave;nh thay đổi nhiều gi&uacute;p n&oacute; mạnh mẽ hơn. Giờ đ&acirc;y khả năng quay video 4K 60fps hay 1080 240fps đ&atilde; nằm trong cảm biến camera của iPhone 8. iPhone 8 Plus vẫn trang bị hai camera v&agrave; khả năng chụp ch&acirc;n dung như iPhone 7 Plus. Nhưng hệ thống chống rung giờ đ&acirc;y c&oacute; cả tr&ecirc;n hai camera. Bổ sung Portrait Lightning l&agrave; chế độ mới b&ecirc;n cạnh chế độ Portrait</p>\r\n\r\n<p><img alt=\"iphone-8-plus-64gb-silver-chinh-hang2\" src=\"/ckfinder/userfiles/images/iPhone%208/iphone-8-plus-64gb-silver-chinh-hang5.jpg\" style=\"height:253px; width:450px\" /></p>\r\n', 100000, 'iphone-8-plus-64gb-silver-chinh-hang.jpg', '[\"iphone-8-plus-64gb-silver-chinh-hang1.jpg\",\"iphone-8-plus-64gb-silver-chinh-hang2.jpg\"]', '2018-06-03', 0, 'iPhone 8 giá rẻ, iphone 8 red chính hãng', 'iphone-8-plus-64gb-silver-nhap-khau-chinh-hang', '1 năm', 100, 0, 0, 0, '', 'Apple Shop cung cấp các sản phẩm iphone 8 chính hãng giá rẻ, iphone 8 red cấu hình siêu mạnh giá cực tốt'),
(33, 5, 'iPhone 8 Plus 256GB Gold Chính Hãng', '8900000.0000', '<p>iPhone 8 ra mắt chứng kiến sự trở lại của thiết kế mặt k&iacute;nh tuyệt đẹp. Mạnh mẽ hơn, th&ocirc;ng minh hơn, cải tiến nhiều hơn nữa để mang lại những trải nghiệm tuyệt vời nhất, ch&iacute;nh l&agrave; sứ mệnh của iPhone 8</p>\r\n\r\n<p><img alt=\"iphone-8-plus-256gb-gold-chinh-hang\" src=\"/ckfinder/userfiles/images/iPhone%208/iphone-8-plus-256gb-space-gray-nhap-khau-chinh-hang3.png\" style=\"height:287px; width:450px\" /></p>\r\n\r\n<h3>SỰ TRỞ LẠI CỦA CHẤT LIỆU K&Iacute;NH TR&Ecirc;N MỘT CHIẾC IPHONE</h3>\r\n\r\n<p>iPhone 8 c&ugrave;ng chất liệu k&iacute;nh cả mặt trước v&agrave; mặt sau đều đạt đến độ ho&agrave;n thiện cao nhất. Nhờ vậy, t&iacute;nh năng sạc kh&ocirc;ng d&acirc;y được ra mắt mang đến trải nghiệm tiện dụng nhất cho người d&ugrave;ng. Khả năng chống nước v&agrave; bụi vẫn được trang bị tr&ecirc;n iPhone 8.</p>\r\n\r\n<p><img alt=\"iphone-8-plus-64gb-silver-chinh-hang4\" src=\"/ckfinder/userfiles/images/iPhone%208/iphone-8-plus-256gb-space-gray-nhap-khau-chinh-hang4.png\" /></p>\r\n\r\n<h3>M&Agrave;N H&Igrave;NH RETINA HD TRUE TONE</h3>\r\n\r\n<p>C&ocirc;ng nghệ Retina HD tr&ecirc;n m&agrave;n h&igrave;nh iPhone 8 vẫn đẹp một c&aacute;ch trung thực v&agrave; giờ đ&acirc;y với True Tone, c&ocirc;ng nghệ mới sẽ gi&uacute;p dải m&agrave;u hiển thị rộng hơn, tự động căn chỉnh m&agrave;u cho ph&ugrave; hợp với m&ocirc;i trường xung quanh.</p>\r\n\r\n<p><img alt=\"iphone-8-plus-256gb-gold-chinh-hang\" src=\"/ckfinder/userfiles/images/iPhone%208/iphone-8-plus-64gb-silver-chinh-hang3.jpg\" style=\"height:253px; width:450px\" /></p>\r\n\r\n<h3>CAMERA N&Acirc;NG CẤP MẠNH MẼ</h3>\r\n\r\n<p>Hệ thống camera mới với c&ugrave;ng độ ph&acirc;n giải, c&ugrave;ng chức năng nhưng cấu h&igrave;nh thay đổi nhiều gi&uacute;p n&oacute; mạnh mẽ hơn. Giờ đ&acirc;y khả năng quay video 4K 60fps hay 1080 240fps đ&atilde; nằm trong cảm biến camera của iPhone 8. iPhone 8 Plus vẫn trang bị hai camera v&agrave; khả năng chụp ch&acirc;n dung như iPhone 7 Plus. Nhưng hệ thống chống rung giờ đ&acirc;y c&oacute; cả tr&ecirc;n hai camera. Bổ sung Portrait Lightning l&agrave; chế độ mới b&ecirc;n cạnh chế độ Portrait</p>\r\n\r\n<p>&nbsp;</p>\r\n', 890000, 'iphone-8-plus-256gb-gold-chinh-hang.jpg', '[\"iphone-8-plus-256gb-gold-chinh-hang2.jpg\",\"iphone-8-plus-256gb-gold-chinh-hang3.jpg\"]', '2018-06-03', 0, 'iPhone 8 giá rẻ, iphone 8 red chính hãng', 'iphone-8-plus-256gb-gold-chinh-hang', '1 năm', 100, 0, 0, 0, '', 'Apple Shop cung cấp các sản phẩm iphone 8 chính hãng giá rẻ, iphone 8 red cấu hình siêu mạnh giá cực tốt'),
(34, 7, 'iPad Pro 10.5 WI-FI 64GB (2017) Chính Hãng', '7900000.0000', '<p>Apple đ&atilde; l&agrave;m cho m&aacute;y t&iacute;nh bảng của m&igrave;nh ho&agrave;n hảo hơn c&aacute;c model trước đ&acirc;y khi tinh chỉnh kể cả thiết kế, phần mềm v&agrave; n&acirc;ng cấp phần cứng tr&ecirc;n iPad Pro 10.5 inch. Với cấu h&igrave;nh ấn tượng, m&agrave;n h&igrave;nh s&aacute;ng hơn, chip mạnh mẽ hơn v&agrave; một t&iacute;nh năng ProMotion l&agrave;m tăng tốc độ tươi của m&agrave;n h&igrave;nh.</p>\r\n\r\n<p><img alt=\"ipad-pro-10-5-wi-fi-64gb-2017-chinh-hang\" src=\"/ckfinder/userfiles/images/iPad%20Pro/ipad-pro-10-5-wi-fi-64gb-2017-chinh-hang2.jpg\" style=\"height:300px; width:450px\" /></p>\r\n\r\n<p>&nbsp;</p>\r\n\r\n<p>Mặc d&ugrave; mang tr&ecirc;n m&igrave;nh m&agrave;n h&igrave;nh k&iacute;ch thước lớn hơn thế hệ trước, nhưng iPad Pro 10.5 inch Wifi 64 GB 2017 vẫn kh&ocirc;ng c&oacute; sự kh&aacute;c biệt nhiều về trọng lượng, chỉ nặng 469g (hơn 32 gram so với model tiền nhiệm - iPad Pro 9.7 inch). Ng&ocirc;n ngữ thiết kế mỏng nhẹ đ&aacute;ng kinh ngạc với lớp vỏ m&aacute;y được l&agrave;m ho&agrave;n to&agrave;n bằng chất liệu nh&ocirc;m nguy&ecirc;n khối cao cấp c&ugrave;ng c&aacute;c đường cắt kim cương tinh tế, tỉ mỉ dọc theo th&acirc;n m&aacute;y cho cảm gi&aacute;c cực k&igrave; sang trọng v&agrave; rất chắc chắn, thu h&uacute;t mọi &aacute;nh nh&igrave;n xung quanh. C&aacute;c viền bezels mỏng hơn đ&aacute;ng kể v&agrave; khung kim loại được k&eacute;o d&agrave;i th&ecirc;m l&ecirc;n 0.5 inch.</p>\r\n\r\n<p><img alt=\"ipad-pro-10-5-wi-fi-64gb-2017-chinh-hang2\" src=\"/ckfinder/userfiles/images/iPad%20Pro/ipad-pro-10-5-wi-fi-64gb-2017-chinh-hang3.jpg\" style=\"height:277px; width:450px\" /></p>\r\n\r\n<p>&nbsp;</p>\r\n\r\n<p>Như t&ecirc;n gọi, m&agrave;n h&igrave;nh của iPad Pro 2017 c&oacute; k&iacute;ch thước 10.5 inch, độ ph&acirc;n giải 1668 x 2224 pixels, sử dụng tấm nền IPS c&ugrave;ng c&ocirc;ng nghệ m&agrave;n h&igrave;nh Retina. Ngo&agrave;i ra, Apple cũng &aacute;p dụng c&ocirc;ng nghệ ProMotion gi&uacute;p tốc độ l&agrave;m tươi đạt mức 120 Hz (c&oacute; nghĩa m&agrave;n h&igrave;nh hiển thị LED c&oacute; khả năng hiển thị 120 khung h&igrave;nh mỗi gi&acirc;y), hạn chế được hiện tượng rung, giật m&agrave; c&ograve;n giảm hiện tượng b&oacute;ng mờ khi chuyển động tr&ecirc;n c&aacute;c m&agrave;n LCD, một con số rất ấn tượng.</p>\r\n', 790000, 'ipad-pro-10-5-wi-fi-64gb-2017-chinh-hang.jpg', '[\"ipad-pro-10-5-wi-fi-64gb-2017-chinh-hang2.jpg\",\"ipad-pro-10-5-wi-fi-64gb-2017-chinh-hang3.jpg\"]', '2018-06-03', 3, 'iPad pro giá rẻ, ipad chính hãng', 'ipad-pro-10-5-wi-fi-64gb-2017-chinh-hang', '1 năm', 100, 0, 0, 0, '', 'Apple đã làm cho máy tính bảng của mình hoàn hảo hơn các model trước đây khi tinh chỉnh kể cả thiết kế, phần mềm và nâng cấp phần cứng trên iPad Pro 10.5 inch. Với cấu hình ấn tượng, màn hình sáng hơn, chip mạnh mẽ hơn và một tính năng ProMotion làm tăng '),
(35, 7, 'iPad Pro 12.9 WI-FI 4G 256GB (2017) Chính Hãng', '9800000.0000', '<p>Một chiếc m&aacute;y t&iacute;nh bảng với m&agrave;n h&igrave;nh l&ecirc;n đến 12.9 inch l&agrave; điều kh&ocirc;ng tưởng đ&atilde; được Apple thiết kế th&agrave;nh c&ocirc;ng, mang đến trải nghiệm mạnh mẽ kh&ocirc;ng kh&aacute;c g&igrave; một chiếc laptop nhưng lại gọn v&agrave; nhẹ nh&agrave;ng hơn rất nhiều. iPad Pro 12.9 phi&ecirc;n bản mới 2017 cung cấp th&ocirc;ng số kỹ thuật được cải tiến đ&aacute;ng kể, bao gồm một m&agrave;n h&igrave;nh mới với một tốc độ tốc độ phản hồi nhanh hơn v&agrave; hỗ trợ tốt hơn Apple Pencil. Hiệu suất cũng được n&acirc;ng cấp mới so với c&aacute;c model trước.</p>\r\n\r\n<p><img alt=\"ipad-pro-129-wi-fi-4g-256gb-20175\" src=\"/ckfinder/userfiles/images/iPad%20Pro/ipad-pro-12-9-wi-fi-4g-256gb-2017-chinh-hang3.jpg\" style=\"height:258px; width:450px\" /></p>\r\n\r\n<p>Ngay cả khi sở hữu m&agrave;n h&igrave;nh khổng lồ, iPad Pro vẫn c&oacute; một thiết kế mỏng nhẹ đến kinh ngạc - chỉ 6.9 mm độ mỏng v&agrave; 692g c&acirc;n nặng. iPad Pro 12.9 WI-FI 4G 256 GB (2017) thậm ch&iacute; c&ograve;n nhẹ hơn phi&ecirc;n bản 2015 một ch&uacute;t (723g). Nhờ thiết kế vỏ nh&ocirc;m nguy&ecirc;n khối kết hợp với những đường cắt kim cường sắc xảo đến từng chi tiết, iPad Pro gần như thu h&uacute;t mọi &aacute;nh nh&igrave;n kh&ocirc;ng chỉ bởi sự sang trọng, tỉ mỉ, n&eacute;t đẹp cao cấp m&agrave; c&ograve;n l&agrave; k&iacute;ch thước qu&aacute; khổ của n&oacute;.</p>\r\n\r\n<p><img alt=\"ipad-pro-129-wi-fi-4g-256gb-20173\" src=\"/ckfinder/userfiles/images/iPad%20Pro/ipad-pro-12-9-wi-fi-4g-256gb-2017-chinh-hang7.jpg\" style=\"height:258px; width:450px\" /></p>\r\n\r\n<p>M&agrave;n h&igrave;nh tr&ecirc;n iPad Pro 12.9 inch 2017 mới mặc d&ugrave; c&oacute; c&ugrave;ng k&iacute;ch thước v&agrave; mật độ điểm ảnh (12.9 inch, 2.732 x 2.048 pixels, 264 ppi) nhưng hỗ trợ video HDR với tốc độ l&agrave;m tươi 120 Hz với dải động cao hơn. N&oacute;i c&aacute;ch kh&aacute;c, Apple cung cấp cho m&agrave;n h&igrave;nh m&aacute;y t&iacute;nh bảng mới khả năng xử l&yacute; nhiều khung h&igrave;nh mỗi gi&acirc;y nhiều hơn gấp đ&ocirc;i so với bản 2015 gi&uacute;p cho việc chơi game mượt m&agrave; v&agrave; cải thiện sự tương t&aacute;c với Pencil. Ngo&agrave;i ra c&ocirc;ng nghệ True Tone Display vẫn được sử dụng để n&acirc;ng cao khả năng hiển thị với m&agrave;u sắc ch&iacute;nh x&aacute;c, độ tương phản tốt v&agrave; độ s&aacute;ng cao ở mức 600 nits.</p>\r\n\r\n<p><img alt=\"ipad-pro-12-9-wi-fi-4g-256gb-2017-chinh-hang\" src=\"/ckfinder/userfiles/images/iPad%20Pro/ipad-pro-12-9-wi-fi-4g-256gb-2017-chinh-hang2.jpg\" style=\"height:258px; width:450px\" /></p>\r\n\r\n<p>&nbsp;</p>\r\n\r\n<p>Một trong những n&acirc;ng cấp đ&aacute;ng gi&aacute; kh&aacute;c ch&iacute;nh l&agrave; hệ thống camera tr&ecirc;n iPad Pro 12.9 inch (2017) với c&aacute;c cảm biến tương tự như iPhone 7 v&agrave; gần như l&agrave; tuyệt vời nhất tr&ecirc;n m&aacute;y t&iacute;nh bảng hiện nay. Bạn sẽ c&oacute; một camera ph&iacute;a sau 12 MP, với khẩu độ F1.8, ống k&iacute;nh s&aacute;u phần tử v&agrave; đ&egrave;n quad-LED True Tone. Camera ở mặt trước đến với độ ph&acirc;n giải 7 MP v&agrave; đi k&egrave;m t&iacute;nh năng Retina Flash. Đ&acirc;y một cải tiến lớn so với phi&ecirc;n bản năm 2015 với camera 8 MP/1.2 MP v&agrave; kh&ocirc;ng c&oacute; đ&egrave;n flash.</p>\r\n\r\n<p>&nbsp;</p>\r\n\r\n<p><img alt=\"ipad-pro-129-wi-fi-4g-256gb-2017\" src=\"/ckfinder/userfiles/images/iPad%20Pro/ipad-pro-12-9-wi-fi-4g-256gb-2017-chinh-hang5.jpg\" style=\"height:258px; width:450px\" /></p>\r\n\r\n<p>&nbsp;</p>\r\n', 908000, 'ipad-pro-12-9-wi-fi-4g-256gb-2017-chinh-hang.jpg', '[\"ipad-pro-12-9-wi-fi-4g-256gb-2017-chinh-hang3.jpg\",\"ipad-pro-12-9-wi-fi-4g-256gb-2017-chinh-hang5.jpg\",\"ipad-pro-12-9-wi-fi-4g-256gb-2017-chinh-hang6.jpg\",\"ipad-pro-12-9-wi-fi-4g-256gb-2017-chinh-hang7.jpg\"]', '2018-06-03', 2, 'iPad pro giá rẻ, ipad chính hãng', 'ipad-pro-12-9-wi-fi-4g-256gb-2017-chinh-hang', '1 năm', 100, 0, 0, 0, '', 'Pad Pro 12.9 inch (2017) được trang bị một phiên bản chip A10X Fusion. Con chipset này có sáu lõi CPU: ba lõi hiệu suất cao + ba lõi tiết kiệm năng lượng và GPU đồ họa 12 lõi.');
INSERT INTO `product` (`id`, `categories_id`, `name`, `price`, `content`, `discount`, `image_link`, `image_list`, `created`, `view`, `meta_key`, `site_title`, `warranty`, `quantity`, `buyed`, `rate_total`, `rate_count`, `gifts`, `meta_desc`) VALUES
(36, 7, 'iPad Pro 12.9 WI-FI 64GB (2017) Chính Hãng', '999000.0000', '<p>Một chiếc m&aacute;y t&iacute;nh bảng với m&agrave;n h&igrave;nh l&ecirc;n đến 12.9 inch l&agrave; điều kh&ocirc;ng tưởng đ&atilde; được Apple thiết kế th&agrave;nh c&ocirc;ng, mang đến trải nghiệm mạnh mẽ kh&ocirc;ng kh&aacute;c g&igrave; một chiếc laptop nhưng lại gọn v&agrave; nhẹ nh&agrave;ng hơn rất nhiều. iPad Pro 12.9 phi&ecirc;n bản mới 2017 cung cấp th&ocirc;ng số kỹ thuật được cải tiến đ&aacute;ng kể, bao gồm một m&agrave;n h&igrave;nh mới với một tốc độ tốc độ phản hồi nhanh hơn v&agrave; hỗ trợ tốt hơn Apple Pencil. Hiệu suất cũng được n&acirc;ng cấp mới so với c&aacute;c model trước.</p>\r\n\r\n<p><img alt=\"ipad-pro-129-wi-fi-4g-256gb-20175\" src=\"/ckfinder/userfiles/images/iPad%20Pro/ipad-pro-12-9-wi-fi-4g-256gb-2017-chinh-hang3.jpg\" style=\"height:258px; width:450px\" /></p>\r\n\r\n<p>Ngay cả khi sở hữu m&agrave;n h&igrave;nh khổng lồ, iPad Pro vẫn c&oacute; một thiết kế mỏng nhẹ đến kinh ngạc - chỉ 6.9 mm độ mỏng v&agrave; 692g c&acirc;n nặng. iPad Pro 12.9 WI-FI 4G 256 GB (2017) thậm ch&iacute; c&ograve;n nhẹ hơn phi&ecirc;n bản 2015 một ch&uacute;t (723g). Nhờ thiết kế vỏ nh&ocirc;m nguy&ecirc;n khối kết hợp với những đường cắt kim cường sắc xảo đến từng chi tiết, iPad Pro gần như thu h&uacute;t mọi &aacute;nh nh&igrave;n kh&ocirc;ng chỉ bởi sự sang trọng, tỉ mỉ, n&eacute;t đẹp cao cấp m&agrave; c&ograve;n l&agrave; k&iacute;ch thước qu&aacute; khổ của n&oacute;.</p>\r\n\r\n<p><img alt=\"ipad-pro-129-wi-fi-4g-256gb-20173\" src=\"/ckfinder/userfiles/images/iPad%20Pro/ipad-pro-12-9-wi-fi-4g-256gb-2017-chinh-hang7.jpg\" style=\"height:258px; width:450px\" /></p>\r\n\r\n<p>M&agrave;n h&igrave;nh tr&ecirc;n iPad Pro 12.9 inch 2017 mới mặc d&ugrave; c&oacute; c&ugrave;ng k&iacute;ch thước v&agrave; mật độ điểm ảnh (12.9 inch, 2.732 x 2.048 pixels, 264 ppi) nhưng hỗ trợ video HDR với tốc độ l&agrave;m tươi 120 Hz với dải động cao hơn. N&oacute;i c&aacute;ch kh&aacute;c, Apple cung cấp cho m&agrave;n h&igrave;nh m&aacute;y t&iacute;nh bảng mới khả năng xử l&yacute; nhiều khung h&igrave;nh mỗi gi&acirc;y nhiều hơn gấp đ&ocirc;i so với bản 2015 gi&uacute;p cho việc chơi game mượt m&agrave; v&agrave; cải thiện sự tương t&aacute;c với Pencil. Ngo&agrave;i ra c&ocirc;ng nghệ True Tone Display vẫn được sử dụng để n&acirc;ng cao khả năng hiển thị với m&agrave;u sắc ch&iacute;nh x&aacute;c, độ tương phản tốt v&agrave; độ s&aacute;ng cao ở mức 600 nits.</p>\r\n\r\n<p><img alt=\"ipad-pro-12-9-wi-fi-4g-256gb-2017-chinh-hang\" src=\"/ckfinder/userfiles/images/iPad%20Pro/ipad-pro-12-9-wi-fi-4g-256gb-2017-chinh-hang2.jpg\" style=\"height:258px; width:450px\" /></p>\r\n\r\n<p>&nbsp;</p>\r\n\r\n<p>Một trong những n&acirc;ng cấp đ&aacute;ng gi&aacute; kh&aacute;c ch&iacute;nh l&agrave; hệ thống camera tr&ecirc;n iPad Pro 12.9 inch (2017) với c&aacute;c cảm biến tương tự như iPhone 7 v&agrave; gần như l&agrave; tuyệt vời nhất tr&ecirc;n m&aacute;y t&iacute;nh bảng hiện nay. Bạn sẽ c&oacute; một camera ph&iacute;a sau 12 MP, với khẩu độ F1.8, ống k&iacute;nh s&aacute;u phần tử v&agrave; đ&egrave;n quad-LED True Tone. Camera ở mặt trước đến với độ ph&acirc;n giải 7 MP v&agrave; đi k&egrave;m t&iacute;nh năng Retina Flash. Đ&acirc;y một cải tiến lớn so với phi&ecirc;n bản năm 2015 với camera 8 MP/1.2 MP v&agrave; kh&ocirc;ng c&oacute; đ&egrave;n flash.</p>\r\n\r\n<p>&nbsp;</p>\r\n\r\n<p><img alt=\"ipad-pro-129-wi-fi-4g-256gb-2017\" src=\"/ckfinder/userfiles/images/iPad%20Pro/ipad-pro-12-9-wi-fi-4g-256gb-2017-chinh-hang5.jpg\" style=\"height:258px; width:450px\" /></p>\r\n', 99000, 'ipad-pro-12-9-wi-fi-64gb-2017-chinh-hang.jpg', '[\"ipad-pro-12-9-wi-fi-64gb-2017-chinh-hang2.jpg\",\"ipad-pro-12-9-wi-fi-64gb-2017-chinh-hang3.jpg\",\"ipad-pro-12-9-wi-fi-64gb-2017-chinh-hang4.jpg\"]', '2018-06-03', 2, 'iPad pro giá rẻ, ipad chính hãng', 'ipad-pro-12-9-wi-fi-64gb-2017-chinh-hang', '1 năm', 100, 0, 0, 0, '', 't chiếc máy tính bảng với màn hình lên đến 12.9 inch là điều không tưởng đã được Apple thiết kế thành công, mang đến trải nghiệm mạnh mẽ không khác gì một chiếc laptop nhưng lại gọn và nhẹ nhàng hơn rất nhiều'),
(37, 9, 'iPad 2018 Mini WiFi+4G 128GB Chính Hãng ', '7800000.0000', '<p>Một chiếc m&aacute;y t&iacute;nh bảng với m&agrave;n h&igrave;nh l&ecirc;n đến 12.9 inch l&agrave; điều kh&ocirc;ng tưởng đ&atilde; được Apple thiết kế th&agrave;nh c&ocirc;ng, mang đến trải nghiệm mạnh mẽ kh&ocirc;ng kh&aacute;c g&igrave; một chiếc laptop nhưng lại gọn v&agrave; nhẹ nh&agrave;ng hơn rất nhiều. iPad Pro 12.9 phi&ecirc;n bản mới 2017 cung cấp th&ocirc;ng số kỹ thuật được cải tiến đ&aacute;ng kể, bao gồm một m&agrave;n h&igrave;nh mới với một tốc độ tốc độ phản hồi nhanh hơn v&agrave; hỗ trợ tốt hơn Apple Pencil. Hiệu suất cũng được n&acirc;ng cấp mới so với c&aacute;c model trước.</p>\r\n\r\n<p><img alt=\"ipad-pro-129-wi-fi-4g-256gb-20175\" src=\"/ckfinder/userfiles/images/iPad%20Pro/ipad-pro-12-9-wi-fi-4g-256gb-2017-chinh-hang3.jpg\" /></p>\r\n\r\n<p>Ngay cả khi sở hữu m&agrave;n h&igrave;nh khổng lồ, iPad Pro vẫn c&oacute; một thiết kế mỏng nhẹ đến kinh ngạc - chỉ 6.9 mm độ mỏng v&agrave; 692g c&acirc;n nặng. iPad Pro 12.9 WI-FI 4G 256 GB (2017) thậm ch&iacute; c&ograve;n nhẹ hơn phi&ecirc;n bản 2015 một ch&uacute;t (723g). Nhờ thiết kế vỏ nh&ocirc;m nguy&ecirc;n khối kết hợp với những đường cắt kim cường sắc xảo đến từng chi tiết, iPad Pro gần như thu h&uacute;t mọi &aacute;nh nh&igrave;n kh&ocirc;ng chỉ bởi sự sang trọng, tỉ mỉ, n&eacute;t đẹp cao cấp m&agrave; c&ograve;n l&agrave; k&iacute;ch thước qu&aacute; khổ của n&oacute;.</p>\r\n\r\n<p><img alt=\"ipad-pro-129-wi-fi-4g-256gb-20173\" src=\"/ckfinder/userfiles/images/iPad%20Pro/ipad-pro-12-9-wi-fi-4g-256gb-2017-chinh-hang7.jpg\" /></p>\r\n\r\n<p>M&agrave;n h&igrave;nh tr&ecirc;n iPad Pro 12.9 inch 2017 mới mặc d&ugrave; c&oacute; c&ugrave;ng k&iacute;ch thước v&agrave; mật độ điểm ảnh (12.9 inch, 2.732 x 2.048 pixels, 264 ppi) nhưng hỗ trợ video HDR với tốc độ l&agrave;m tươi 120 Hz với dải động cao hơn. N&oacute;i c&aacute;ch kh&aacute;c, Apple cung cấp cho m&agrave;n h&igrave;nh m&aacute;y t&iacute;nh bảng mới khả năng xử l&yacute; nhiều khung h&igrave;nh mỗi gi&acirc;y nhiều hơn gấp đ&ocirc;i so với bản 2015 gi&uacute;p cho việc chơi game mượt m&agrave; v&agrave; cải thiện sự tương t&aacute;c với Pencil. Ngo&agrave;i ra c&ocirc;ng nghệ True Tone Display vẫn được sử dụng để n&acirc;ng cao khả năng hiển thị với m&agrave;u sắc ch&iacute;nh x&aacute;c, độ tương phản tốt v&agrave; độ s&aacute;ng cao ở mức 600 nits.</p>\r\n\r\n<p><img alt=\"ipad-pro-12-9-wi-fi-4g-256gb-2017-chinh-hang\" src=\"/ckfinder/userfiles/images/iPad%20Pro/ipad-pro-12-9-wi-fi-4g-256gb-2017-chinh-hang2.jpg\" /></p>\r\n\r\n<p>&nbsp;</p>\r\n\r\n<p>Một trong những n&acirc;ng cấp đ&aacute;ng gi&aacute; kh&aacute;c ch&iacute;nh l&agrave; hệ thống camera tr&ecirc;n iPad Pro 12.9 inch (2017) với c&aacute;c cảm biến tương tự như iPhone 7 v&agrave; gần như l&agrave; tuyệt vời nhất tr&ecirc;n m&aacute;y t&iacute;nh bảng hiện nay. Bạn sẽ c&oacute; một camera ph&iacute;a sau 12 MP, với khẩu độ F1.8, ống k&iacute;nh s&aacute;u phần tử v&agrave; đ&egrave;n quad-LED True Tone. Camera ở mặt trước đến với độ ph&acirc;n giải 7 MP v&agrave; đi k&egrave;m t&iacute;nh năng Retina Flash. Đ&acirc;y một cải tiến lớn so với phi&ecirc;n bản năm 2015 với camera 8 MP/1.2 MP v&agrave; kh&ocirc;ng c&oacute; đ&egrave;n flash.</p>\r\n\r\n<p>&nbsp;</p>\r\n\r\n<p><img alt=\"ipad-pro-129-wi-fi-4g-256gb-2017\" src=\"/ckfinder/userfiles/images/iPad%20Pro/ipad-pro-12-9-wi-fi-4g-256gb-2017-chinh-hang5.jpg\" /></p>\r\n', 780000, 'ipad-2018-wifi-4g-128gb-chinh-hang.jpg', '[]', '2018-06-03', 0, 'iPad Mini giá rẻ, ipad chính hãng', 'ipad-2018-mini-wifi-4g-128gb-chinh-hang', '1 năm', 100, 0, 0, 0, '', 'Apple đã làm cho máy tính bảng của mình hoàn hảo hơn các model trước đây khi tinh chỉnh kể cả thiết kế, phần mềm và nâng cấp phần cứng trên iPad Mini'),
(38, 7, 'iPad Pro 10.5 WI-FI 4G 512GB (2017) Chính Hãng', '11000000.0000', '<p>Một chiếc m&aacute;y t&iacute;nh bảng với m&agrave;n h&igrave;nh l&ecirc;n đến 12.9 inch l&agrave; điều kh&ocirc;ng tưởng đ&atilde; được Apple thiết kế th&agrave;nh c&ocirc;ng, mang đến trải nghiệm mạnh mẽ kh&ocirc;ng kh&aacute;c g&igrave; một chiếc laptop nhưng lại gọn v&agrave; nhẹ nh&agrave;ng hơn rất nhiều. iPad Pro 12.9 phi&ecirc;n bản mới 2017 cung cấp th&ocirc;ng số kỹ thuật được cải tiến đ&aacute;ng kể, bao gồm một m&agrave;n h&igrave;nh mới với một tốc độ tốc độ phản hồi nhanh hơn v&agrave; hỗ trợ tốt hơn Apple Pencil. Hiệu suất cũng được n&acirc;ng cấp mới so với c&aacute;c model trước.</p>\r\n\r\n<p><img alt=\"ipad-pro-129-wi-fi-4g-256gb-20175\" src=\"http://localhost:88/ckfinder/userfiles/images/iPad%20Pro/ipad-pro-12-9-wi-fi-4g-256gb-2017-chinh-hang3.jpg\" /></p>\r\n\r\n<p>Ngay cả khi sở hữu m&agrave;n h&igrave;nh khổng lồ, iPad Pro vẫn c&oacute; một thiết kế mỏng nhẹ đến kinh ngạc - chỉ 6.9 mm độ mỏng v&agrave; 692g c&acirc;n nặng. iPad Pro 12.9 WI-FI 4G 256 GB (2017) thậm ch&iacute; c&ograve;n nhẹ hơn phi&ecirc;n bản 2015 một ch&uacute;t (723g). Nhờ thiết kế vỏ nh&ocirc;m nguy&ecirc;n khối kết hợp với những đường cắt kim cường sắc xảo đến từng chi tiết, iPad Pro gần như thu h&uacute;t mọi &aacute;nh nh&igrave;n kh&ocirc;ng chỉ bởi sự sang trọng, tỉ mỉ, n&eacute;t đẹp cao cấp m&agrave; c&ograve;n l&agrave; k&iacute;ch thước qu&aacute; khổ của n&oacute;.</p>\r\n\r\n<p><img alt=\"ipad-pro-129-wi-fi-4g-256gb-20173\" src=\"http://localhost:88/ckfinder/userfiles/images/iPad%20Pro/ipad-pro-12-9-wi-fi-4g-256gb-2017-chinh-hang7.jpg\" /></p>\r\n\r\n<p>M&agrave;n h&igrave;nh tr&ecirc;n iPad Pro 12.9 inch 2017 mới mặc d&ugrave; c&oacute; c&ugrave;ng k&iacute;ch thước v&agrave; mật độ điểm ảnh (12.9 inch, 2.732 x 2.048 pixels, 264 ppi) nhưng hỗ trợ video HDR với tốc độ l&agrave;m tươi 120 Hz với dải động cao hơn. N&oacute;i c&aacute;ch kh&aacute;c, Apple cung cấp cho m&agrave;n h&igrave;nh m&aacute;y t&iacute;nh bảng mới khả năng xử l&yacute; nhiều khung h&igrave;nh mỗi gi&acirc;y nhiều hơn gấp đ&ocirc;i so với bản 2015 gi&uacute;p cho việc chơi game mượt m&agrave; v&agrave; cải thiện sự tương t&aacute;c với Pencil. Ngo&agrave;i ra c&ocirc;ng nghệ True Tone Display vẫn được sử dụng để n&acirc;ng cao khả năng hiển thị với m&agrave;u sắc ch&iacute;nh x&aacute;c, độ tương phản tốt v&agrave; độ s&aacute;ng cao ở mức 600 nits.</p>\r\n\r\n<p><img alt=\"ipad-pro-12-9-wi-fi-4g-256gb-2017-chinh-hang\" src=\"http://localhost:88/ckfinder/userfiles/images/iPad%20Pro/ipad-pro-12-9-wi-fi-4g-256gb-2017-chinh-hang2.jpg\" /></p>\r\n\r\n<p>&nbsp;</p>\r\n\r\n<p>Một trong những n&acirc;ng cấp đ&aacute;ng gi&aacute; kh&aacute;c ch&iacute;nh l&agrave; hệ thống camera tr&ecirc;n iPad Pro 12.9 inch (2017) với c&aacute;c cảm biến tương tự như iPhone 7 v&agrave; gần như l&agrave; tuyệt vời nhất tr&ecirc;n m&aacute;y t&iacute;nh bảng hiện nay. Bạn sẽ c&oacute; một camera ph&iacute;a sau 12 MP, với khẩu độ F1.8, ống k&iacute;nh s&aacute;u phần tử v&agrave; đ&egrave;n quad-LED True Tone. Camera ở mặt trước đến với độ ph&acirc;n giải 7 MP v&agrave; đi k&egrave;m t&iacute;nh năng Retina Flash. Đ&acirc;y một cải tiến lớn so với phi&ecirc;n bản năm 2015 với camera 8 MP/1.2 MP v&agrave; kh&ocirc;ng c&oacute; đ&egrave;n flash.</p>\r\n\r\n<p>&nbsp;</p>\r\n\r\n<p><img alt=\"ipad-pro-129-wi-fi-4g-256gb-2017\" src=\"http://localhost:88/ckfinder/userfiles/images/iPad%20Pro/ipad-pro-12-9-wi-fi-4g-256gb-2017-chinh-hang5.jpg\" /></p>\r\n', 0, 'ipad-pro-10-5-wi-fi-4g-512gb-2017-chinh-hang.jpg', '[]', '2018-06-03', 0, 'iPad pro giá rẻ, ipad chính hãng', 'ipad-pro-10-5-wi-fi-4g-512gb-2017-chinh-hang', '1 năm', 49, 0, 0, 0, '', 'Chiếc máy tính bảng với màn hình lên đến 12.9 inch là điều không tưởng đã được Apple thiết kế thành công, mang đến trải nghiệm mạnh mẽ không khác gì một chiếc laptop nhưng lại gọn và nhẹ nhàng hơn rất nhiều'),
(39, 10, 'iMac 21.5‑inch Retina 4K MNE02- NEW 2017 (Hàng chính hãng)', '9990000.0000', '<p>B&ecirc;n cạnh việc ra mắt iMac Pro &quot;si&ecirc;u cấp&quot;, Apple c&ograve;n n&acirc;ng cấp cấu h&igrave;nh cho to&agrave;n bộ d&ograve;ng iMac cũ v&agrave; đ&oacute; l&agrave; một n&acirc;ng cấp kh&aacute; lớn. Cụ thể, chuyển CPU sang thế hệ mới nhất Core i7 Kaby Lake, RAM từ 32 - 64 GB, c&oacute; hai cổng USB-C (Thunderbolt 3), card đồ họa tối đa Radeon Pro 580 (tương đương GTX 1060) v&agrave; hỗ trợ VR, sẵn s&agrave;ng để bạn l&agrave;m việc v&agrave; giải tr&iacute; trong thế giới ảo.</p>\r\n\r\n<p><img alt=\"imac-21-5-inch-retina-4k-mne02-new-2017-hang-chinh-hang\" src=\"/ckfinder/userfiles/images/iMac/imac-21-5-inch-retina-4k-mne02-new-2017-hang-chinh-hang2.jpg\" style=\"height:254px; width:450px\" /></p>\r\n\r\n<p>M&agrave;n h&igrave;nh của iMac mới c&oacute; độ s&aacute;ng 500 nits, s&aacute;ng hơn đời cũ 43%. iMac 2017 vẫn c&oacute; hai k&iacute;ch thước m&agrave;n h&igrave;nh 21,5&quot; v&agrave; 27&quot;. Trong đ&oacute; bản 21,5&quot; gồm hai độ ph&acirc;n giải 1080p hoặc 4K, bản 27&quot; th&igrave; được 5K. iMac 2017 cũng được trang bị 2 cổng USB-C tương tự như iMac Pro c&oacute; thể xuất c&ugrave;ng l&uacute;c 2 m&agrave;n h&igrave;nh 4K@60Hz.</p>\r\n\r\n<p><img alt=\"imac-21-5-inch-retina-4k-mne02-new-2017-hang-chinh-hang2\" src=\"/ckfinder/userfiles/images/iMac/imac-21-5-inch-retina-4k-mne02-new-2017-hang-chinh-hang3.jpg\" style=\"height:341px; width:450px\" /></p>\r\n\r\n<p>Trong to&agrave;n bộ iMac mới, chỉ c&oacute; bản 21,5&quot; 1080p l&agrave; d&ugrave;ng VGA t&iacute;ch hợp (Intel Iris Plus 640), c&aacute;c phi&ecirc;n bản c&ograve;n lại d&ugrave;ng VGA Radeon Pro từ 555 đến cao nhất l&agrave; 580 8 GB (c&oacute; sức mạnh tương đương với GTX 1060), hỗ trợ VR đầy đủ. Tại buổi demo, Apple đ&atilde; cho người ta thấy iMac chạy rất mượt với k&iacute;nh HTC Vive, điều m&agrave; c&aacute;c m&aacute;y t&iacute;nh trước đ&acirc;y cần phải c&oacute; một cấu h&igrave;nh rất cao để l&agrave;m được điều đ&oacute;.</p>\r\n\r\n<p>&nbsp;</p>\r\n\r\n<p>&nbsp;</p>\r\n', 100000, 'imac-21-5-inch-retina-4k-mne02-new-2017-hang-chinh-hang3.jpg', '[\"imac-21-5-inch-retina-4k-mne02-new-2017-hang-chinh-hang.jpg\",\"imac-21-5-inch-retina-4k-mne02-new-2017-hang-chinh-hang2.jpg\"]', '2018-06-03', 0, 'iMac pro giá rẻ, iMac retina cao cấpp', 'imac-21-5-inch-retina-4k-mne02-new-2017-hang-chinh-hang', '1 năm', 100, 0, 0, 0, '', 'Bên cạnh việc ra mắt iMac Pro \"siêu cấp\", Apple còn nâng cấp cấu hình cho toàn bộ dòng iMac cũ và đó là một nâng cấp khá lớn. Cụ thể, chuyển CPU sang thế hệ mới nhất C'),
(40, 10, 'iMac Pro – MQ2Y2 (8Core/32G/1TB/Vega 56) – New', '9900000.0000', '<p>Giống như d&ograve;ng sản phầm iMac, iMac Pro cũng l&agrave; d&ograve;ng All-In-One, kết hợp h&agrave;i ho&agrave; giữa d&ograve;ng iMac truyền thống v&agrave; sự mạnh mẽ của Mac Pro. Đ&acirc;y c&oacute; thể coi l&agrave; d&ograve;ng m&aacute;y All-In-One mạnh nhất tr&ecirc;n thị trường hiện nay. Apple đ&atilde; giới thiệu d&ograve;ng sản phẩm n&agrave;y tại sự kiện WWDC17 v&agrave; bắt đầu b&aacute;n ra cuối năm 2017 phục vụ cho d&acirc;n xử l&yacute; đồ hoạ cao cấp, đ&aacute;p ứng sự ph&aacute;t triển mạnh mẽ của c&ocirc;ng nghệ VR, cũng như tr&iacute; tuệ nh&acirc;n tạo&hellip;</p>\r\n\r\n<p><img alt=\"imac-pro-mq2y2-8core-32g-1tb-vega-56-new\" src=\"/ckfinder/userfiles/images/iMac/imac-pro-mq2y2-8core-32g-1tb-vega-56-new.jpg\" style=\"height:450px; width:450px\" /></p>\r\n\r\n<p>M&agrave;n h&igrave;nh của iMac mới c&oacute; độ s&aacute;ng 500 nits, iMac Pro chỉ c&oacute; một k&iacute;ch thước m&agrave;n h&igrave;nh 27 inch, v&otilde; nh&ocirc;m chuyển sang m&agrave;u &ldquo;space gray&rdquo; chứ kh&ocirc;ng d&ugrave;ng m&agrave;u silver như c&aacute;c d&ograve;ng iMac trước đ&acirc;y. Imac Pro cũng được trang bị 4 cổng USB-C v&agrave; 4 cổng USB 3.0.</p>\r\n\r\n<p><img alt=\"imac-pro-mq2y2-8core-32g-1tb-vega-56-new2\" src=\"/ckfinder/userfiles/images/iMac/imac-pro-mq2y2-8core-32g-1tb-vega-56-new3.jpg\" style=\"height:338px; width:450px\" /></p>\r\n\r\n<p>Chiếc iMac Pro c&oacute; thể xuất ra c&ugrave;ng l&uacute;c 2 m&agrave;n h&igrave;nh c&oacute; độ ph&acirc;n giải 5K hoặc 4 m&agrave;n h&igrave;nh c&oacute; độ ph&acirc;n giải 4K. CPU được sử dụng trong iMac Pro được h&atilde;ng Intel tuỳ biến ri&ecirc;ng v&agrave; SSD cũng được thiết kế độc quyền cho Apple. Đứng ở g&oacute;c nh&igrave;n kỹ thuật m&agrave; n&oacute;i việc tạo ra iMac Pro l&agrave; một kết quả xuất sắc v&igrave; Apple đ&atilde; nh&eacute;t một cấu h&igrave;nh si&ecirc;u mạnh v&agrave;o một th&acirc;n m&aacute;y m&otilde;ng nhẹ, &iacute;t ti&ecirc;u thụ điện năng, b&ecirc;n cạnh chi ph&iacute; kh&ocirc;ng hề thấp t&iacute; n&agrave;o.</p>\r\n\r\n<p><img alt=\"imac-pro-mq2y2-8core-32g-1tb-vega-56-new3\" src=\"/ckfinder/userfiles/images/iMac/imac-pro-mq2y2-8core-32g-1tb-vega-56-new4.jpg\" style=\"height:372px; width:450px\" /></p>\r\n\r\n<p>&nbsp;</p>\r\n\r\n<p><strong>T&oacute;m gọn cấu h&igrave;nh của iMac Pro:</strong></p>\r\n\r\n<ul>\r\n	<li>M&agrave;n h&igrave;nh: 27&Prime; Retina 5K, 5.120 x 2.880, độ s&aacute;ng 500 nits, Wide color (P3)</li>\r\n	<li>CPU: Xeon 8 nh&acirc;n, 10 nh&acirc;n, 14 nh&acirc;n hoặc 18 nh&acirc;n</li>\r\n	<li>RAM: 32 GB 2.666MHz DDR4 c&oacute; ECC, 64 GB hoặc 128 GB</li>\r\n	<li>Lưu trữ: 1 TB SSD, 2 TB hoặc 4 TB SSD</li>\r\n	<li>VGA: Radeon Pro Vega, 56 nh&acirc;n, bộ nhớ 8 GB HBM2, tối đa 64 nh&acirc;n v&agrave; 16 GB HBM2</li>\r\n	<li>Webcam: 1080p FaceTime</li>\r\n	<li>4 x cổng Thunderbolt 3 (USB-C): Xuất được th&ecirc;m 2 m&agrave;n h&igrave;nh 5K@60Hz (5.120 x 2.880) hoặc 4 m&agrave;n h&igrave;nh 4K@60Hz (3.840 x 2.160) hoặc 4 m&agrave;n h&igrave;nh 4K@60Hz (4.096 x 2.304)</li>\r\n	<li>4 x USB 3.0</li>\r\n	<li>Cổng 3.5mm, khe thẻ nhớ, Ethernet 10Gbps, Wi-Fi ac, BT 4.2</li>\r\n	<li>K&iacute;ch thước: 650 x 516 x 203 mm</li>\r\n	<li>Khối lượng: 9,7 kg</li>\r\n</ul>\r\n\r\n<p>&nbsp;</p>\r\n', 100000, 'imac-pro-mq2y2-8core-32g-1tb-vega-56-new.jpg', '[\"imac-pro-mq2y2-8core-32g-1tb-vega-56-new3.jpg\",\"imac-pro-mq2y2-8core-32g-1tb-vega-56-new4.jpg\"]', '2018-06-04', 0, 'iMac pro giá rẻ, iMac retina cao cấpp', 'imac-pro-mq2y2-8core-32g-1tb-vega-56-new', '1 năm', 100, 0, 0, 0, '', 'Apple đã giới thiệu dòng sản phẩm này tại sự kiện WWDC17 và bắt đầu bán ra cuối năm 2017 phục vụ cho dân xử lý đồ hoạ cao cấp, đáp ứng sự phát triển mạnh mẽ của công nghệ VR, cũng như trí tuệ nhân tạo'),
(41, 10, 'iMac 5K 27 inch 2014 – MF886 Max Option', '9890000.0000', '<p>D&ograve;ng sản phẩm All-in-One của Apple l&acirc;u nay vẫn lu&ocirc;n l&agrave; sự lựa chọn h&agrave;ng đầu của c&aacute;c chuy&ecirc;n gia nhiếp ảnh v&agrave; điện ảnh nhờ c&oacute; thiết kế tinh tế v&agrave; hiệu năng cao. Chiếc Apple iMac 5K 27 inch m&agrave;n h&igrave;nh Retina 5K mới vừa ra mắt cũng kh&ocirc;ng ngoại lệ. Với m&agrave;n h&igrave;nh 5K, chip xử l&iacute; Intel Core i7 thế hệ 4. Trong đ&oacute; loại bỏ d&ograve;ng iMac 27 inch kh&ocirc;ng m&agrave;n h&igrave;nh Retina v&agrave; thay v&agrave;o đ&oacute; l&agrave; to&agrave;n bộ cấu h&igrave;nh đều được n&acirc;ng l&ecirc;n Retina 5K, c&ugrave;ng c&aacute;c thiết bị ngoại vi được n&acirc;ng cấp th&igrave; iMac 2014 xứng đ&aacute;ng l&agrave; người kế nhiệm d&ograve;ng m&aacute;y desktop của Apple.</p>\r\n\r\n<p><img alt=\"imac-5k-27-inch-2014-mf886-max-option\" src=\"/ckfinder/userfiles/images/iMac/imac-5k-27-inch-2014-mf886-max-option4.jpeg\" style=\"height:419px; width:450px\" /></p>\r\n\r\n<p>B&ecirc;n cạnh việc l&ecirc;n đời với m&agrave;n h&igrave;nh độ ph&acirc;n giải khủng, mẫu iMac 27 inch mới c&ograve;n được Apple n&acirc;ng cấp l&ecirc;n bộ xử l&yacute; Intel Core thế hệ thứ 4 mới nhất &ndash; t&ecirc;n m&atilde; Haswell v&agrave; card đồ họa AMD. Bộ đ&ocirc;i iMac mới n&oacute;i tr&ecirc;n đều sở hữu kết nối Thunderbolt 2, Wi-Fi 802.11ac, ổ cứng Fusion Drive k&egrave;m 16GB bộ nhớ flash tốc độ cao.</p>\r\n\r\n<p><img alt=\"imac-5k-27-inch-2014-mf886-max-option2\" src=\"/ckfinder/userfiles/images/iMac/imac-5k-27-inch-2014-mf886-max-option5.jpeg\" style=\"height:338px; width:450px\" /></p>\r\n\r\n<p>C&aacute;c cổng kết nối hiện diện tr&ecirc;n iMac 27 inch Retina 5K tương tự như thế hệ trước, gồm một cổng Gigabit Ethernet, jack cắm tai nghe, 2 cổng Thunderbolt 2, đầu đọc thẻ nhớ SDXC v&agrave; 4 cổng USB 3.0, tất cả đều nằm ở mặt sau của m&aacute;y. Chữ &ldquo;tất cả&rdquo; cũng mang nghĩa cạnh b&ecirc;n thiết bị cũng kh&ocirc;ng c&oacute; cổng kết nối n&agrave;o do Apple đ&atilde; ưu ti&ecirc;n cho thiết kế mỏng. Hơi tiếc v&igrave; c&aacute;c sản phẩm cạnh tranh như Lenovo B50 v&agrave; Dell XPS 18 (1820) đều c&oacute; đầu đọc thẻ nhớ v&agrave; cổng USB ở cạnh b&ecirc;n, như thế sẽ tiện hơn khi cần cắm th&ecirc;m USB, thiết bị ngoại vi hoặc thẻ nhớ.</p>\r\n\r\n<p>&nbsp;</p>\r\n\r\n<p>&nbsp;</p>\r\n', 890000, 'imac-5k-27-inch-2014-mf886-max-option.jpg', '[\"imac-5k-27-inch-2014-mf886-max-option2.jpg\"]', '2018-06-04', 1, 'iMac pro giá rẻ, iMac retina cao cấpp', 'imac-5k-27-inch-2014-mf886-max-option', '1 năm', 100, 0, 0, 0, '', 'Dòng sản phẩm All-in-One của Apple lâu nay vẫn luôn là sự lựa chọn hàng đầu của các chuyên gia nhiếp ảnh và điện ảnh nhờ có thiết kế tinh tế và hiệu năng cao. Chiếc Apple iMac 5K 27 inch màn hình Retina 5K mới vừa ra mắt cũng không ngoại lệ'),
(42, 11, 'MacBook Pro 13in MPXQ2 Space Gray- Model 2017', '8900000.0000', '<p>Laptop Apple Macbook Pro 2017 được trang bị lớp vỏ nh&ocirc;m nguy&ecirc;n khối Unibody rất đẹp v&agrave; chắc chắn. Thiết kế mỏng, nhẹ v&agrave; cực gọn g&agrave;ng chỉ 1.49 cm, trọng lượng l&agrave; 1.37 kg rất tiện lợi khi di chuyển.</p>\r\n\r\n<p>&nbsp;</p>\r\n\r\n<p>Apple Macbook Pro 2017 mang trong m&igrave;nh một sự sang trọng v&agrave; đẳng cấp vượt trội đ&uacute;ng nghĩa của từ &quot;Pro&quot; so với phần c&ograve;n lại.</p>\r\n\r\n<p><img alt=\"macbook-pro-13in-mpxq2-space-gray-model-2017-hang-chinh-hang\" src=\"/ckfinder/userfiles/images/Macbook%20Pro/macbook-pro-13in-mpxq2-space-gray-model-2017-hang-chinh-hang.jpg\" style=\"height:450px; width:450px\" /></p>\r\n\r\n<p>Đ&egrave;n LED nền đẹp mắt tr&ecirc;n b&agrave;n ph&iacute;m gi&uacute;p tăng độ ch&iacute;nh x&aacute;c khi d&ugrave;ng ph&iacute;m nhất l&agrave; v&agrave;o ban đ&ecirc;m, ngo&agrave;i ra đ&egrave;n ph&iacute;m c&ograve;n tạo điểm nhấn kh&aacute;c biệt v&agrave; đầy sang trọng gi&uacute;p chiếc Macbook Pro 2017 c&agrave;ng long lanh hơn.</p>\r\n\r\n<p><img alt=\"macbook-pro-13in-mpxq2-space-gray-model-2017-hang-chinh-hang2\" src=\"/ckfinder/userfiles/images/Macbook%20Pro/macbook-pro-13in-mpxq2-space-gray-model-2017-hang-chinh-hang2.jpg\" style=\"height:281px; width:450px\" /></p>\r\n\r\n<p>Macbook Pro 2017 c&oacute; bộ xử l&yacute; Intel Core i5 Kabylake tốc độ 2.30 GHz, card đồ họa t&iacute;ch hợp Intel&reg; Iris&trade; Graphics 640, bộ nhớ RAM 8 GB, c&ugrave;ng ổ cứng lưu trữ SSD 128 GB gi&uacute;p m&aacute;y chạy mượt m&agrave; c&aacute;c thao t&aacute;c sử dụng.</p>\r\n\r\n<p><img alt=\"macbook-pro-13in-mpxq2-space-gray-model-2017-hang-chinh-hang3\" src=\"/ckfinder/userfiles/images/Macbook%20Pro/macbook-pro-13in-mpxq2-space-gray-model-2017-hang-chinh-hang3.jpg\" style=\"height:250px; width:450px\" /></p>\r\n\r\n<p>Apple Macbook Pro 2017 được trang bị th&ecirc;m chuột cảm ứng lực (Force Touch) mới, gi&uacute;p đem lại cho người d&ugrave;ng một cảm gi&aacute;c si&ecirc;u mượt m&agrave; v&agrave; cực tiện lợi để xem th&ocirc;ng tin nhanh khi sử dụng nữa.</p>\r\n\r\n<p><img alt=\"macbook-pro-13in-mpxq2-space-gray-model-2017-hang-chinh-hang5\" src=\"/ckfinder/userfiles/images/Macbook%20Pro/macbook-pro-13in-mpxq2-space-gray-model-2017-hang-chinh-hang4.jpg\" style=\"height:250px; width:450px\" /></p>\r\n', 900000, 'macbook-pro-13in-mpxq2-space-gray-model-2017-hang-chinh-hang.jpg', '[\"macbook-pro-13in-mpxq2-space-gray-model-2017-hang-chinh-hang2.jpg\",\"macbook-pro-13in-mpxq2-space-gray-model-2017-hang-chinh-hang3.jpg\",\"macbook-pro-13in-mpxq2-space-gray-model-2017-hang-chinh-hang4.jpg\"]', '2018-06-04', 0, 'Macbook Pro giá rẻ, Macbook Retina', 'macbook-pro-13in-mpxq2-space-gray-model-2017', '1 năm', 100, 0, 0, 0, '', 'Apple Macbook Pro 2017 là dòng sản phẩm cao cấp với thiết kế kim loại nguyên khối, chip i5 thế hệ thứ 7 và dùng ổ SSD dung lượng 128 GB mang đến sự bền bỉ và mạnh mẽ khi sử dụng.'),
(43, 11, 'MacBook Pro 13in MPXR2 Silver- Model 2017', '8900000.0000', '<p>Laptop Apple Macbook Pro 2017 được trang bị lớp vỏ nh&ocirc;m nguy&ecirc;n khối Unibody rất đẹp v&agrave; chắc chắn. Thiết kế mỏng, nhẹ v&agrave; cực gọn g&agrave;ng chỉ 1.49 cm, trọng lượng l&agrave; 1.37 kg rất tiện lợi khi di chuyển.</p>\r\n\r\n<p>&nbsp;</p>\r\n\r\n<p>Apple Macbook Pro 2017 mang trong m&igrave;nh một sự sang trọng v&agrave; đẳng cấp vượt trội đ&uacute;ng nghĩa của từ &quot;Pro&quot; so với phần c&ograve;n lại.</p>\r\n\r\n<p><img alt=\"macbook-pro-13in-mpxq2-space-gray-model-2017-hang-chinh-hang\" src=\"/ckfinder/userfiles/images/Macbook%20Pro/macbook-pro-13in-mpxq2-space-gray-model-2017-hang-chinh-hang.jpg\" /></p>\r\n\r\n<p>Đ&egrave;n LED nền đẹp mắt tr&ecirc;n b&agrave;n ph&iacute;m gi&uacute;p tăng độ ch&iacute;nh x&aacute;c khi d&ugrave;ng ph&iacute;m nhất l&agrave; v&agrave;o ban đ&ecirc;m, ngo&agrave;i ra đ&egrave;n ph&iacute;m c&ograve;n tạo điểm nhấn kh&aacute;c biệt v&agrave; đầy sang trọng gi&uacute;p chiếc Macbook Pro 2017 c&agrave;ng long lanh hơn.</p>\r\n\r\n<p><img alt=\"macbook-pro-13in-mpxq2-space-gray-model-2017-hang-chinh-hang2\" src=\"/ckfinder/userfiles/images/Macbook%20Pro/macbook-pro-13in-mpxq2-space-gray-model-2017-hang-chinh-hang2.jpg\" /></p>\r\n\r\n<p>Macbook Pro 2017 c&oacute; bộ xử l&yacute; Intel Core i5 Kabylake tốc độ 2.30 GHz, card đồ họa t&iacute;ch hợp Intel&reg; Iris&trade; Graphics 640, bộ nhớ RAM 8 GB, c&ugrave;ng ổ cứng lưu trữ SSD 128 GB gi&uacute;p m&aacute;y chạy mượt m&agrave; c&aacute;c thao t&aacute;c sử dụng.</p>\r\n\r\n<p><img alt=\"macbook-pro-13in-mpxq2-space-gray-model-2017-hang-chinh-hang3\" src=\"/ckfinder/userfiles/images/Macbook%20Pro/macbook-pro-13in-mpxq2-space-gray-model-2017-hang-chinh-hang3.jpg\" /></p>\r\n\r\n<p>Apple Macbook Pro 2017 được trang bị th&ecirc;m chuột cảm ứng lực (Force Touch) mới, gi&uacute;p đem lại cho người d&ugrave;ng một cảm gi&aacute;c si&ecirc;u mượt m&agrave; v&agrave; cực tiện lợi để xem th&ocirc;ng tin nhanh khi sử dụng nữa.</p>\r\n\r\n<p><img alt=\"macbook-pro-13in-mpxq2-space-gray-model-2017-hang-chinh-hang5\" src=\"/ckfinder/userfiles/images/Macbook%20Pro/macbook-pro-13in-mpxq2-space-gray-model-2017-hang-chinh-hang4.jpg\" /></p>\r\n', 900000, 'macbook-pro-13in-mpxr2-silver-model-2017-hang-chinh-hang.jpg', '[\"macbook-pro-13in-mpxq2-space-gray-model-2017-hang-chinh-hang21.jpg\",\"macbook-pro-13in-mpxq2-space-gray-model-2017-hang-chinh-hang31.jpg\",\"macbook-pro-13in-mpxq2-space-gray-model-2017-hang-chinh-hang41.jpg\"]', '2018-06-04', 0, 'Macbook Pro giá rẻ, Macbook Retina', 'macbook-pro-13in-mpxr2-silver-model-2017', '1 năm', 100, 0, 0, 0, '', ''),
(44, 11, 'MacBook Pro 15in Touch Bar MPTT2 Space Gray 2017', '9900000.0000', '<p>Apple cho ra mắt MacBook Pro 15in Touch Bar MPTT2 Space Gray với nhiều đột ph&aacute; cả về thiết kế lẫn cấu h&igrave;nh. Điều đầu tiền cảm nhận được l&agrave; d&ograve;ng m&aacute;y mới nhanh hơn, mạnh mẽ hơn, mỏng hơn v&agrave; nhẹ hơn. Đặc biệt l&agrave; sự đột ph&aacute; khi Apple cho th&ecirc;m thanh Touch Bar - l&agrave; một dải OLED cảm ứng cho ph&eacute;p truy cập c&ocirc;ng cụ nhanh hơn.</p>\r\n\r\n<p><img alt=\"macbook-pro-15in-touch-bar-mptt2-space-gray-model-2017-hang-chinh-hang\" src=\"/ckfinder/userfiles/images/Macbook%20Pro/macbook-pro-15in-touch-bar-mptt2-space-gray-model-2017-hang-chinh-hang.jpeg\" style=\"height:450px; width:450px\" /></p>\r\n\r\n<p>&nbsp;</p>\r\n\r\n<h3>Thiết kế cao cấp</h3>\r\n\r\n<p>MacBook Pro 15in Touch Bar MPTT2 Space Gray vẫn được tạo n&ecirc;n từ kim loại nguy&ecirc;n khối với thiết kế ho&agrave;n to&agrave;n mới, kh&ocirc;ng c&ograve;n sử dụng bản lề nhựa nh&igrave;n &ldquo;kh&ocirc;ng li&ecirc;n quan&rdquo; như tr&ecirc;n c&aacute;c thế hệ trước v&agrave; đặc biệt l&agrave; mỏng nhẹ hơn rất nhiều so với c&aacute;c sản phẩm trước đ&oacute;. Apple c&ograve;n bổ sung th&ecirc;m lựa chọn cho người d&ugrave;ng khi kh&ocirc;ng chi giữ m&agrave;u bạc truyền thống m&agrave; c&ograve;n th&ecirc;m m&agrave;u x&aacute;m kh&ocirc;ng gian (Space Gray). Logo quả t&aacute;o kh&ocirc;ng c&ograve;n ph&aacute;t s&aacute;ng nữa m&agrave; thay v&agrave;o đ&oacute; l&agrave; t&aacute;o bằng kim loại như bản Macbook 12 inch trước đ&oacute;.</p>\r\n\r\n<p><img alt=\"macbook-pro-15in-touch-bar-mptt2-space-gray-model-2017-hang-chinh-hang2\" src=\"/ckfinder/userfiles/images/Macbook%20Pro/macbook-pro-15in-touch-bar-mptt2-space-gray-model-2017-hang-chinh-hang3.png\" style=\"height:253px; width:450px\" /></p>\r\n\r\n<h3>Touch Bar v&agrave; Touch ID</h3>\r\n\r\n<p>Điểm kh&aacute;c biệt tiếp theo của MacBook Pro 15in Touch Bar MPTT2 Space Gray l&agrave; b&agrave;n ph&iacute;m được thay thế ho&agrave;n to&agrave;n sang b&agrave;n ph&iacute;m thế hệ thứ 2 với thiết kế lẫy dạng c&aacute;nh bướm, c&ugrave;ng với đ&oacute; l&agrave; Trackpad ForceTouch c&oacute; k&iacute;ch thước rất lớn, lớn gấp đ&ocirc;i so với thế hệ cũ gi&uacute;p người d&ugrave;ng thao t&aacute;c thoải m&aacute;i v&agrave; dễ d&agrave;ng hơn rất nhiều.</p>\r\n\r\n<p><img alt=\"macbook-pro-15in-touch-bar-mptt2-space-gray-model-2017-hang-chinh-hang\" src=\"/ckfinder/userfiles/images/Macbook%20Pro/macbook-pro-15in-touch-bar-mptt2-space-gray-model-2017-hang-chinh-hang2.png\" style=\"height:450px; width:450px\" /></p>\r\n\r\n<h3>Kết nối với cổng Thunderbolt 3</h3>\r\n\r\n<p>T&iacute;ch hợp cổng Thunderbolt 3 cung cấp kết nối với tốc độ cao v&agrave; linh hoạt, so với băng th&ocirc;ng Thunderbolt 2 c&oacute; tốc độ nhanh gấp đ&ocirc;i khả năng truyền dữ liệu, video, sạc chỉ trong một kết nối duy nhật. Tốc độ chuyển dữ liệu của cổng Thunderbolt c&oacute; tốc độ l&ecirc;n đến 40 Gbps.</p>\r\n\r\n<p>&nbsp;</p>\r\n\r\n<p><img alt=\"macbook-pro-15in-touch-bar-mptt2-space-gray-model-2017-hang-chinh-hang4\" src=\"/ckfinder/userfiles/images/Macbook%20Pro/macbook-pro-15in-touch-bar-mptt2-space-gray-model-2017-hang-chinh-hang4.jpg\" style=\"height:276px; width:450px\" /></p>\r\n', 900000, 'macbook-pro-15in-touch-bar-mptt2-space-gray-model-2017.jpg', '[\"macbook-pro-15in-touch-bar-mptt2-space-gray-model-2017-hang-chinh-hang2.png\",\"macbook-pro-15in-touch-bar-mptt2-space-gray-model-2017-hang-chinh-hang3.png\",\"macbook-pro-15in-touch-bar-mptt2-space-gray-model-2017-hang-chinh-hang4.jpg\"]', '2018-06-04', 0, 'Macbook Pro giá rẻ, Macbook Retina', 'macbook-pro-15in-touch-bar-mptt2-space-gray-2017', '1 năm', 100, 0, 0, 0, '', ''),
(45, 11, 'MacBook Pro 15in Touch Bar MPTU2 SILVER 2017', '9900000.0000', '<p>Apple cho ra mắt MacBook Pro 15in Touch Bar MPTT2 Space Gray với nhiều đột ph&aacute; cả về thiết kế lẫn cấu h&igrave;nh. Điều đầu tiền cảm nhận được l&agrave; d&ograve;ng m&aacute;y mới nhanh hơn, mạnh mẽ hơn, mỏng hơn v&agrave; nhẹ hơn. Đặc biệt l&agrave; sự đột ph&aacute; khi Apple cho th&ecirc;m thanh Touch Bar - l&agrave; một dải OLED cảm ứng cho ph&eacute;p truy cập c&ocirc;ng cụ nhanh hơn.</p>\r\n\r\n<p><img alt=\"macbook-pro-15in-touch-bar-mptt2-space-gray-model-2017-hang-chinh-hang\" src=\"/ckfinder/userfiles/images/Macbook%20Pro/macbook-pro-15in-touch-bar-mptt2-space-gray-model-2017-hang-chinh-hang.jpeg\" /></p>\r\n\r\n<p>&nbsp;</p>\r\n\r\n<h3>Thiết kế cao cấp</h3>\r\n\r\n<p>MacBook Pro 15in Touch Bar MPTT2 Space Gray vẫn được tạo n&ecirc;n từ kim loại nguy&ecirc;n khối với thiết kế ho&agrave;n to&agrave;n mới, kh&ocirc;ng c&ograve;n sử dụng bản lề nhựa nh&igrave;n &ldquo;kh&ocirc;ng li&ecirc;n quan&rdquo; như tr&ecirc;n c&aacute;c thế hệ trước v&agrave; đặc biệt l&agrave; mỏng nhẹ hơn rất nhiều so với c&aacute;c sản phẩm trước đ&oacute;. Apple c&ograve;n bổ sung th&ecirc;m lựa chọn cho người d&ugrave;ng khi kh&ocirc;ng chi giữ m&agrave;u bạc truyền thống m&agrave; c&ograve;n th&ecirc;m m&agrave;u x&aacute;m kh&ocirc;ng gian (Space Gray). Logo quả t&aacute;o kh&ocirc;ng c&ograve;n ph&aacute;t s&aacute;ng nữa m&agrave; thay v&agrave;o đ&oacute; l&agrave; t&aacute;o bằng kim loại như bản Macbook 12 inch trước đ&oacute;.</p>\r\n\r\n<p><img alt=\"macbook-pro-15in-touch-bar-mptt2-space-gray-model-2017-hang-chinh-hang2\" src=\"/ckfinder/userfiles/images/Macbook%20Pro/macbook-pro-15in-touch-bar-mptt2-space-gray-model-2017-hang-chinh-hang3.png\" /></p>\r\n\r\n<h3>Touch Bar v&agrave; Touch ID</h3>\r\n\r\n<p>Điểm kh&aacute;c biệt tiếp theo của MacBook Pro 15in Touch Bar MPTT2 Space Gray l&agrave; b&agrave;n ph&iacute;m được thay thế ho&agrave;n to&agrave;n sang b&agrave;n ph&iacute;m thế hệ thứ 2 với thiết kế lẫy dạng c&aacute;nh bướm, c&ugrave;ng với đ&oacute; l&agrave; Trackpad ForceTouch c&oacute; k&iacute;ch thước rất lớn, lớn gấp đ&ocirc;i so với thế hệ cũ gi&uacute;p người d&ugrave;ng thao t&aacute;c thoải m&aacute;i v&agrave; dễ d&agrave;ng hơn rất nhiều.</p>\r\n\r\n<p><img alt=\"macbook-pro-15in-touch-bar-mptt2-space-gray-model-2017-hang-chinh-hang\" src=\"/ckfinder/userfiles/images/Macbook%20Pro/macbook-pro-15in-touch-bar-mptt2-space-gray-model-2017-hang-chinh-hang2.png\" /></p>\r\n\r\n<h3>Kết nối với cổng Thunderbolt 3</h3>\r\n\r\n<p>T&iacute;ch hợp cổng Thunderbolt 3 cung cấp kết nối với tốc độ cao v&agrave; linh hoạt, so với băng th&ocirc;ng Thunderbolt 2 c&oacute; tốc độ nhanh gấp đ&ocirc;i khả năng truyền dữ liệu, video, sạc chỉ trong một kết nối duy nhật. Tốc độ chuyển dữ liệu của cổng Thunderbolt c&oacute; tốc độ l&ecirc;n đến 40 Gbps.</p>\r\n\r\n<p>&nbsp;</p>\r\n\r\n<p><img alt=\"macbook-pro-15in-touch-bar-mptt2-space-gray-model-2017-hang-chinh-hang4\" src=\"/ckfinder/userfiles/images/Macbook%20Pro/macbook-pro-15in-touch-bar-mptt2-space-gray-model-2017-hang-chinh-hang4.jpg\" /></p>\r\n', 900000, 'macbook-pro-15in-touch-bar-mptt2-space-gray-model-20171.jpg', '[\"macbook-pro-15in-touch-bar-mptt2-space-gray-model-2017-hang-chinh-hang21.png\",\"macbook-pro-15in-touch-bar-mptt2-space-gray-model-2017-hang-chinh-hang31.png\",\"macbook-pro-15in-touch-bar-mptt2-space-gray-model-2017-hang-chinh-hang41.jpg\"]', '2018-06-04', 0, '', 'macbook-pro-15in-touch-bar-mptu2-silver-2017', '1 năm', 100, 0, 0, 0, '', ''),
(46, 11, 'MacBook Pro 13in Touch Bar MNQF2 (SPACE GREY)', '8800000.0000', '<p>Laptop Apple Macbook Pro 2017 được trang bị lớp vỏ nh&ocirc;m nguy&ecirc;n khối Unibody rất đẹp v&agrave; chắc chắn. Thiết kế mỏng, nhẹ v&agrave; cực gọn g&agrave;ng chỉ 1.49 cm, trọng lượng l&agrave; 1.37 kg rất tiện lợi khi di chuyển.</p>\r\n\r\n<p>&nbsp;</p>\r\n\r\n<p>Apple Macbook Pro 2017 mang trong m&igrave;nh một sự sang trọng v&agrave; đẳng cấp vượt trội đ&uacute;ng nghĩa của từ &quot;Pro&quot; so với phần c&ograve;n lại.</p>\r\n\r\n<p><img alt=\"macbook-pro-13in-mpxq2-space-gray-model-2017-hang-chinh-hang\" src=\"/ckfinder/userfiles/images/Macbook%20Pro/macbook-pro-13in-mpxq2-space-gray-model-2017-hang-chinh-hang.jpg\" /></p>\r\n\r\n<p>Đ&egrave;n LED nền đẹp mắt tr&ecirc;n b&agrave;n ph&iacute;m gi&uacute;p tăng độ ch&iacute;nh x&aacute;c khi d&ugrave;ng ph&iacute;m nhất l&agrave; v&agrave;o ban đ&ecirc;m, ngo&agrave;i ra đ&egrave;n ph&iacute;m c&ograve;n tạo điểm nhấn kh&aacute;c biệt v&agrave; đầy sang trọng gi&uacute;p chiếc Macbook Pro 2017 c&agrave;ng long lanh hơn.</p>\r\n\r\n<p><img alt=\"macbook-pro-13in-mpxq2-space-gray-model-2017-hang-chinh-hang2\" src=\"/ckfinder/userfiles/images/Macbook%20Pro/macbook-pro-13in-mpxq2-space-gray-model-2017-hang-chinh-hang2.jpg\" /></p>\r\n\r\n<p>Macbook Pro 2017 c&oacute; bộ xử l&yacute; Intel Core i5 Kabylake tốc độ 2.30 GHz, card đồ họa t&iacute;ch hợp Intel&reg; Iris&trade; Graphics 640, bộ nhớ RAM 8 GB, c&ugrave;ng ổ cứng lưu trữ SSD 128 GB gi&uacute;p m&aacute;y chạy mượt m&agrave; c&aacute;c thao t&aacute;c sử dụng.</p>\r\n\r\n<p><img alt=\"macbook-pro-13in-mpxq2-space-gray-model-2017-hang-chinh-hang3\" src=\"/ckfinder/userfiles/images/Macbook%20Pro/macbook-pro-13in-mpxq2-space-gray-model-2017-hang-chinh-hang3.jpg\" /></p>\r\n\r\n<p>Apple Macbook Pro 2017 được trang bị th&ecirc;m chuột cảm ứng lực (Force Touch) mới, gi&uacute;p đem lại cho người d&ugrave;ng một cảm gi&aacute;c si&ecirc;u mượt m&agrave; v&agrave; cực tiện lợi để xem th&ocirc;ng tin nhanh khi sử dụng nữa.</p>\r\n\r\n<p><img alt=\"macbook-pro-13in-mpxq2-space-gray-model-2017-hang-chinh-hang5\" src=\"/ckfinder/userfiles/images/Macbook%20Pro/macbook-pro-13in-mpxq2-space-gray-model-2017-hang-chinh-hang4.jpg\" /></p>\r\n', 800000, 'macbook-pro-13in-touch-bar-mnqf2-space-grey.jpg', '[\"macbook-pro-13in-touch-bar-mnqf2-space-grey2.jpg\",\"macbook-pro-13in-touch-bar-mnqf2-space-grey3.jpg\"]', '2018-06-04', 0, '', 'macbook-pro-13in-touch-bar-mnqf2-space-grey', '1 năm', 100, 0, 0, 0, '', ''),
(47, 11, 'MacBook Pro 13in Touch Bar MPXY2 Silver 2017', '8800000.0000', '<p>Laptop Apple Macbook Pro 2017 được trang bị lớp vỏ nh&ocirc;m nguy&ecirc;n khối Unibody rất đẹp v&agrave; chắc chắn. Thiết kế mỏng, nhẹ v&agrave; cực gọn g&agrave;ng chỉ 1.49 cm, trọng lượng l&agrave; 1.37 kg rất tiện lợi khi di chuyển.</p>\r\n\r\n<p>&nbsp;</p>\r\n\r\n<p>Apple Macbook Pro 2017 mang trong m&igrave;nh một sự sang trọng v&agrave; đẳng cấp vượt trội đ&uacute;ng nghĩa của từ &quot;Pro&quot; so với phần c&ograve;n lại.</p>\r\n\r\n<p><img alt=\"macbook-pro-13in-mpxq2-space-gray-model-2017-hang-chinh-hang\" src=\"/ckfinder/userfiles/images/Macbook%20Pro/macbook-pro-13in-mpxq2-space-gray-model-2017-hang-chinh-hang.jpg\" /></p>\r\n\r\n<p>Đ&egrave;n LED nền đẹp mắt tr&ecirc;n b&agrave;n ph&iacute;m gi&uacute;p tăng độ ch&iacute;nh x&aacute;c khi d&ugrave;ng ph&iacute;m nhất l&agrave; v&agrave;o ban đ&ecirc;m, ngo&agrave;i ra đ&egrave;n ph&iacute;m c&ograve;n tạo điểm nhấn kh&aacute;c biệt v&agrave; đầy sang trọng gi&uacute;p chiếc Macbook Pro 2017 c&agrave;ng long lanh hơn.</p>\r\n\r\n<p><img alt=\"macbook-pro-13in-mpxq2-space-gray-model-2017-hang-chinh-hang2\" src=\"/ckfinder/userfiles/images/Macbook%20Pro/macbook-pro-13in-mpxq2-space-gray-model-2017-hang-chinh-hang2.jpg\" /></p>\r\n\r\n<p>Macbook Pro 2017 c&oacute; bộ xử l&yacute; Intel Core i5 Kabylake tốc độ 2.30 GHz, card đồ họa t&iacute;ch hợp Intel&reg; Iris&trade; Graphics 640, bộ nhớ RAM 8 GB, c&ugrave;ng ổ cứng lưu trữ SSD 128 GB gi&uacute;p m&aacute;y chạy mượt m&agrave; c&aacute;c thao t&aacute;c sử dụng.</p>\r\n\r\n<p><img alt=\"macbook-pro-13in-mpxq2-space-gray-model-2017-hang-chinh-hang3\" src=\"/ckfinder/userfiles/images/Macbook%20Pro/macbook-pro-13in-mpxq2-space-gray-model-2017-hang-chinh-hang3.jpg\" /></p>\r\n\r\n<p>Apple Macbook Pro 2017 được trang bị th&ecirc;m chuột cảm ứng lực (Force Touch) mới, gi&uacute;p đem lại cho người d&ugrave;ng một cảm gi&aacute;c si&ecirc;u mượt m&agrave; v&agrave; cực tiện lợi để xem th&ocirc;ng tin nhanh khi sử dụng nữa.</p>\r\n\r\n<p><img alt=\"macbook-pro-13in-mpxq2-space-gray-model-2017-hang-chinh-hang5\" src=\"/ckfinder/userfiles/images/Macbook%20Pro/macbook-pro-13in-mpxq2-space-gray-model-2017-hang-chinh-hang4.jpg\" /></p>\r\n', 800000, 'macbook-pro-13in-touch-bar-mpxy2-silver-2017.jpg', '[\"macbook-pro-13in-touch-bar-mnqf2-space-grey21.jpg\",\"macbook-pro-13in-touch-bar-mnqf2-space-grey31.jpg\"]', '2018-06-04', 0, 'Macbook Pro giá rẻ, Macbook Retina', 'macbook-pro-13in-touch-bar-mpxy2-silver-2017', '1 năm', 100, 0, 0, 0, '', 'Apple Macbook Pro đã được rất nhiều người dùng yêu thích và tin dùng và giờ đây với phiên bản được trang bị Touch Bar cùng cảm biến vân tay độc đáo thì Macbook Pro Touch chắc chắn sẽ lại tạo nên cơn sốt trên thị trường.'),
(48, 12, 'Macbook Air 13-in MQD32- Model 2017 chính hãng', '7800000.0000', '<p>Apple Macbook Air 2017 c&oacute; thiết kế tối giản nhưng lại v&ocirc; c&ugrave;ng sang trọng. To&agrave;n th&acirc;n m&aacute;y được gia c&ocirc;ng từ nh&ocirc;m nguy&ecirc;n khối một c&aacute;ch tỉ mỉ v&agrave; ch&iacute;nh x&aacute;c, tạo n&ecirc;n vẻ liền lạc v&agrave; chắc chắn lại vừa thanh tho&aacute;t, sang trọng. N&uacute;t Power khởi động m&aacute;y được t&iacute;ch hợp lu&ocirc;n v&agrave;o g&oacute;c tr&ecirc;n b&ecirc;n phải của b&agrave;n ph&iacute;m, vừa gọn vừa thẩm mỹ. Cả phần m&agrave;n h&igrave;nh cũng được gia c&ocirc;ng kiểu Unibody hợp kim nh&ocirc;m nguy&ecirc;n khối, c&aacute;c cạnh được bo tr&ograve;n v&agrave; d&aacute;t mỏng tạo n&ecirc;n tổng thể m&aacute;y một thiết kế tuyệt mỹ, c&oacute; thể n&oacute;i l&agrave; đẹp nhất trong c&aacute;c d&ograve;ng Ultrabook.</p>\r\n\r\n<p><img alt=\"macbook-air-13-inch-mqd32-model-2017\" src=\"/ckfinder/userfiles/images/Macbook%20Air/macbook-air-13-in-mqd32-model-2017-hang-chinh-hang2.jpg\" style=\"height:184px; width:450px\" /></p>\r\n\r\n<p>Apple Macbook Air 2017 MQD32 được trang bị bộ vi xử l&yacute; Intel Core i5 dual-core 1.8GHz, đạt tối đa 2.9GHz, Cache 3MB, RAM 8GB 1600MHz, card đồ họa Intel HD Graphics 6000 gi&uacute;p m&aacute;y c&oacute; thể xử l&yacute; nhanh ch&oacute;ng v&agrave; mượt m&agrave; c&aacute;c t&aacute;c vụ của người d&ugrave;ng như soạn thảo văn bản, chơi game, lướt web, nghe nhạc, Autocad, Photoshop&hellip; Ngo&agrave;i ra, m&aacute;y c&ograve;n được trang bị ổ cứng 128GB SSD cung cấp cho người d&ugrave;ng kh&ocirc;ng gian rộng r&atilde;i để lưu trữ dữ liệu hay những bộ phim y&ecirc;u th&iacute;ch.</p>\r\n\r\n<p><img alt=\"macbook-air-13-inch-mqd32-model-20172\" src=\"/ckfinder/userfiles/images/Macbook%20Air/macbook-air-13-in-mqd32-model-2017-hang-chinh-hang3.jpg\" style=\"height:184px; width:450px\" /></p>\r\n\r\n<p>M&aacute;y sử dụng hệ điều h&agrave;nh macOS Sierra c&oacute; giao diện đẹp, bố cục được sắp xếp gọn g&agrave;ng. Thiết bị c&ograve;n cho ph&eacute;p đồng bộ dữ liệu giữa Mac v&agrave; c&aacute;c thiết bị chạy iOS, hỗ trợ nhiều ứng dụng chuy&ecirc;n biệt. Hơn nữa, thiết bị trang bị 1 cổng Thunderbolt độc quyền c&oacute; tốc độ truyền tải dữ liệu nhanh gấp 2 lần USB 3.0 hiện nay, 2 cổng USB 3.0 n&ecirc;n bạn c&oacute; thể chuyển đổi dễ d&agrave;ng từ cổng Thunderbolt th&ocirc;ng qua c&aacute;p chuyển đổi.</p>\r\n\r\n<p><img alt=\"macbook-air-13-inch-mqd32-model-20173\" src=\"/ckfinder/userfiles/images/Macbook%20Air/macbook-air-13-in-mqd32-model-2017-hang-chinh-hang4.jpg\" style=\"height:184px; width:450px\" /></p>\r\n\r\n<p>C&aacute;c động t&aacute;c của Multi-Touch trong macOS Sierra l&agrave;m cho tất cả mọi thứ bạn l&agrave;m tr&ecirc;n MacBook Air trực quan hơn, trực tiếp, v&agrave; vui vẻ. V&agrave; Multi-Touch trackpad rộng r&atilde;i được thiết kế ho&agrave;n hảo cho họ, cho d&ugrave; đ&oacute; l&agrave; một swipe ba ng&oacute;n tay để k&iacute;ch hoạt Mission Control hoặc một nh&uacute;m bốn ng&oacute;n tay để xem tất cả c&aacute;c ứng dụng của bạn trong Launchpad. Phản ứng cử chỉ được mịn m&agrave;ng v&agrave; thực tế.</p>\r\n', 700000, 'macbook-air-13-in-mqd32-model-2017-hang-chinh-hang.jpg', '[\"macbook-air-13-in-mqd32-model-2017-hang-chinh-hang2.jpg\",\"macbook-air-13-in-mqd32-model-2017-hang-chinh-hang3.jpg\",\"macbook-air-13-in-mqd32-model-2017-hang-chinh-hang4.jpg\"]', '2018-06-04', 0, 'Macbook Air giá rẻ, Macbook air chính hãng', 'macbook-air-13-in-mqd32-model-2017-chinh-hang', '1 năm', 100, 0, 0, 0, '', 'Apple Macbook Air 2017 có thiết kế tối giản nhưng lại vô cùng sang trọng. Toàn thân máy được gia công từ nhôm nguyên khối một cách tỉ mỉ và chính xác'),
(49, 12, 'Macbook Air 13-in MQD42- Model 2017 chính hãng', '7800000.0000', '<p>Apple Macbook Air 2017 c&oacute; thiết kế tối giản nhưng lại v&ocirc; c&ugrave;ng sang trọng. To&agrave;n th&acirc;n m&aacute;y được gia c&ocirc;ng từ nh&ocirc;m nguy&ecirc;n khối một c&aacute;ch tỉ mỉ v&agrave; ch&iacute;nh x&aacute;c, tạo n&ecirc;n vẻ liền lạc v&agrave; chắc chắn lại vừa thanh tho&aacute;t, sang trọng. N&uacute;t Power khởi động m&aacute;y được t&iacute;ch hợp lu&ocirc;n v&agrave;o g&oacute;c tr&ecirc;n b&ecirc;n phải của b&agrave;n ph&iacute;m, vừa gọn vừa thẩm mỹ. Cả phần m&agrave;n h&igrave;nh cũng được gia c&ocirc;ng kiểu Unibody hợp kim nh&ocirc;m nguy&ecirc;n khối, c&aacute;c cạnh được bo tr&ograve;n v&agrave; d&aacute;t mỏng tạo n&ecirc;n tổng thể m&aacute;y một thiết kế tuyệt mỹ, c&oacute; thể n&oacute;i l&agrave; đẹp nhất trong c&aacute;c d&ograve;ng Ultrabook.</p>\r\n\r\n<p><img alt=\"macbook-air-13-inch-mqd32-model-2017\" src=\"/ckfinder/userfiles/images/Macbook%20Air/macbook-air-13-in-mqd32-model-2017-hang-chinh-hang2.jpg\" /></p>\r\n\r\n<p>Apple Macbook Air 2017 MQD32 được trang bị bộ vi xử l&yacute; Intel Core i5 dual-core 1.8GHz, đạt tối đa 2.9GHz, Cache 3MB, RAM 8GB 1600MHz, card đồ họa Intel HD Graphics 6000 gi&uacute;p m&aacute;y c&oacute; thể xử l&yacute; nhanh ch&oacute;ng v&agrave; mượt m&agrave; c&aacute;c t&aacute;c vụ của người d&ugrave;ng như soạn thảo văn bản, chơi game, lướt web, nghe nhạc, Autocad, Photoshop&hellip; Ngo&agrave;i ra, m&aacute;y c&ograve;n được trang bị ổ cứng 128GB SSD cung cấp cho người d&ugrave;ng kh&ocirc;ng gian rộng r&atilde;i để lưu trữ dữ liệu hay những bộ phim y&ecirc;u th&iacute;ch.</p>\r\n\r\n<p><img alt=\"macbook-air-13-inch-mqd32-model-20172\" src=\"/ckfinder/userfiles/images/Macbook%20Air/macbook-air-13-in-mqd32-model-2017-hang-chinh-hang3.jpg\" /></p>\r\n\r\n<p>M&aacute;y sử dụng hệ điều h&agrave;nh macOS Sierra c&oacute; giao diện đẹp, bố cục được sắp xếp gọn g&agrave;ng. Thiết bị c&ograve;n cho ph&eacute;p đồng bộ dữ liệu giữa Mac v&agrave; c&aacute;c thiết bị chạy iOS, hỗ trợ nhiều ứng dụng chuy&ecirc;n biệt. Hơn nữa, thiết bị trang bị 1 cổng Thunderbolt độc quyền c&oacute; tốc độ truyền tải dữ liệu nhanh gấp 2 lần USB 3.0 hiện nay, 2 cổng USB 3.0 n&ecirc;n bạn c&oacute; thể chuyển đổi dễ d&agrave;ng từ cổng Thunderbolt th&ocirc;ng qua c&aacute;p chuyển đổi.</p>\r\n\r\n<p><img alt=\"macbook-air-13-inch-mqd32-model-20173\" src=\"/ckfinder/userfiles/images/Macbook%20Air/macbook-air-13-in-mqd32-model-2017-hang-chinh-hang4.jpg\" /></p>\r\n\r\n<p>C&aacute;c động t&aacute;c của Multi-Touch trong macOS Sierra l&agrave;m cho tất cả mọi thứ bạn l&agrave;m tr&ecirc;n MacBook Air trực quan hơn, trực tiếp, v&agrave; vui vẻ. V&agrave; Multi-Touch trackpad rộng r&atilde;i được thiết kế ho&agrave;n hảo cho họ, cho d&ugrave; đ&oacute; l&agrave; một swipe ba ng&oacute;n tay để k&iacute;ch hoạt Mission Control hoặc một nh&uacute;m bốn ng&oacute;n tay để xem tất cả c&aacute;c ứng dụng của bạn trong Launchpad. Phản ứng cử chỉ được mịn m&agrave;ng v&agrave; thực tế.</p>\r\n', 700000, 'macbook-air-13-in-mqd42-model-2017-hang-chinh-hang.jpg', '[\"macbook-air-13-in-mqd32-model-2017-hang-chinh-hang21.jpg\",\"macbook-air-13-in-mqd32-model-2017-hang-chinh-hang31.jpg\",\"macbook-air-13-in-mqd32-model-2017-hang-chinh-hang41.jpg\"]', '2018-06-04', 0, 'Macbook Air giá rẻ, Macbook air chính hãng', 'macbook-air-13-in-mqd42-model-2017-chinh-hang', '1 năm', 100, 0, 0, 0, '', 'Apple Macbook Air 2017 có thiết kế tối giản nhưng lại vô cùng sang trọng. Toàn thân máy được gia công từ nhôm nguyên khối một cách tỉ mỉ và chính xác');

-- --------------------------------------------------------

--
-- Table structure for table `slide`
--

CREATE TABLE `slide` (
  `id` int(11) NOT NULL,
  `name` varchar(100) CHARACTER SET utf8 COLLATE utf8_unicode_ci DEFAULT NULL,
  `description` varchar(100) CHARACTER SET utf8 COLLATE utf8_unicode_ci NOT NULL,
  `image_link` varchar(50) CHARACTER SET utf8 COLLATE utf8_unicode_ci NOT NULL,
  `link` varchar(150) CHARACTER SET utf8 COLLATE utf8_unicode_ci DEFAULT NULL,
  `info` varchar(100) CHARACTER SET utf8 COLLATE utf8_unicode_ci DEFAULT NULL,
  `sort_order` int(10) NOT NULL,
  `status` tinyint(4) NOT NULL
) ENGINE=MyISAM DEFAULT CHARSET=utf8;

--
-- Dumping data for table `slide`
--

INSERT INTO `slide` (`id`, `name`, `description`, `image_link`, `link`, `info`, `sort_order`, `status`) VALUES
(1, 'iMac Pro', 'Sức Mạnh Ưu Việt', 'banner_3.jpg', '', '0', 1, 1),
(2, 'Macbook Pro 2018', 'Chuẩn bị chào hàng', 'banner_2.jpg', '', '', 2, 1),
(3, 'Giảm giá 30%', 'iPad Pro Mới', 'banner_1.jpg', '', '', 3, 1);

-- --------------------------------------------------------

--
-- Table structure for table `support`
--

CREATE TABLE `support` (
  `id` int(255) NOT NULL,
  `name` varchar(100) CHARACTER SET utf8 COLLATE utf8_unicode_ci NOT NULL,
  `gmail` varchar(50) CHARACTER SET utf8 COLLATE utf8_unicode_ci NOT NULL,
  `facebook` varchar(50) CHARACTER SET utf8 COLLATE utf8_unicode_ci NOT NULL,
  `phone` varchar(20) CHARACTER SET utf8 COLLATE utf8_unicode_ci NOT NULL,
  `sort_order` tinyint(4) NOT NULL
) ENGINE=MyISAM DEFAULT CHARSET=utf8;

--
-- Dumping data for table `support`
--

INSERT INTO `support` (`id`, `name`, `gmail`, `facebook`, `phone`, `sort_order`) VALUES
(1, 'Mỹ Mỹ', 'mymyho@gmail.com', 'mymyho', '0986829823', 0);

-- --------------------------------------------------------

--
-- Table structure for table `transaction`
--

CREATE TABLE `transaction` (
  `id` bigint(20) NOT NULL,
  `type` tinyint(4) NOT NULL DEFAULT '0',
  `status` tinyint(4) NOT NULL DEFAULT '0',
  `user_id` int(11) NOT NULL DEFAULT '0',
  `user_name` varchar(50) CHARACTER SET utf8 COLLATE utf8_unicode_ci NOT NULL,
  `user_email` varchar(50) CHARACTER SET utf8 COLLATE utf8_bin NOT NULL,
  `user_phone` varchar(20) CHARACTER SET utf8 COLLATE utf8_bin NOT NULL,
  `amount` decimal(15,4) NOT NULL DEFAULT '0.0000',
  `payment` varchar(32) CHARACTER SET utf8 COLLATE utf8_unicode_ci NOT NULL,
  `payment_info` text CHARACTER SET utf8 COLLATE utf8_bin NOT NULL,
  `message` varchar(255) CHARACTER SET utf8 COLLATE utf8_bin NOT NULL,
  `security` varchar(16) CHARACTER SET utf8 COLLATE utf8_unicode_ci NOT NULL,
  `created` date DEFAULT NULL,
  `user_address` varchar(255) DEFAULT NULL
) ENGINE=MyISAM DEFAULT CHARSET=utf8;

--
-- Dumping data for table `transaction`
--

INSERT INTO `transaction` (`id`, `type`, `status`, `user_id`, `user_name`, `user_email`, `user_phone`, `amount`, `payment`, `payment_info`, `message`, `security`, `created`, `user_address`) VALUES
(1, 0, 2, 1, 'Hồ Tấn Mỹ', 'hotanmy@gmail.com', '0964082598', '17500.0000', 'offline', '', 'add order', '', '2018-05-16', '71/50 TL 08 P.Thạnh Lộc Quận 12 Tp.HCM'),
(2, 0, 1, 1, 'Hồ Tấn Mỹ', 'hotanmy@gmail.com', '0964082598', '5500.0000', 'offline', '', 'order add', '', '2018-05-16', '71/50 TL 08 P.Thạnh Lộc Quận 12 Tp.HCM'),
(3, 0, 1, 1, 'Hồ Tấn Mỹ', 'hotanmy@gmail.com', '0964082598', '33000.0000', 'offline', '', 'checkout v3', '', '2018-05-16', '71/50 TL 08 P.Thạnh Lộc Quận 12 Tp.HCM'),
(4, 0, 2, 1, 'Hồ Tấn Mỹ', 'hotanmy@gmail.com', '0964082598', '87500.0000', 'offline', '', 'Tui cần giao hang vào ngày mai', '', '2018-05-20', '71/50 TL 08 P.Thạnh Lộc Quận 12 Tp.HCM'),
(5, 0, 0, 1, 'Hồ Tấn Mỹ', 'hotanmy@gmail.com', '0964082598', '17500.0000', 'NL', '', 'Thanh toán khi nhận hàng', '', '2018-05-30', '71/50 TL 08 P.Thạnh Lộc Quận 12 Tp.HCM'),
(6, 0, 0, 1, 'Hồ Tấn Mỹ', 'hotanmy@gmail.com', '0964082598', '35000.0000', 'ATM_ONLINE', '', 'Thanh toán rồi nghe', '', '2018-05-30', '71/50 TL 08 P.Thạnh Lộc Quận 12 Tp.HCM'),
(7, 0, 1, 2, 'Tấn Mỹ', 'tanmy@email.com', '0987654321', '92900.0000', 'NL', '', 'Giao hàng nhanh vào ngày mai nhé', '', '2018-05-31', '309/3 nguyễn thái sơn phường 5 gò vấp'),
(8, 0, 0, 1, 'Hồ Tấn Mỹ', 'hotanmy@gmail.com', '0964082598', '32200.0000', 'IB_ONLINE', '', 'giao hang nhanh ', '', '2018-06-02', '71/50 TL 08 P.Thạnh Lộc Quận 12 Tp.HCM'),
(9, 0, 0, 2, 'Tấn Mỹ', 'tanmy@email.com', '0987654321', '7000000.0000', 'offline', '', 'Giao hàng nhanh vào chủ nhật', '', '2018-06-04', '309/3 nguyễn thái sơn phường 5 gò vấp'),
(10, 0, 0, 2, 'Tấn Mỹ', 'tanmy@email.com', '0987654321', '7000000.0000', 'offline', '', 'Giao hàng nhanh vào chủ nhật', '', '2018-06-04', '309/3 nguyễn thái sơn phường 5 gò vấp');

-- --------------------------------------------------------

--
-- Table structure for table `user`
--

CREATE TABLE `user` (
  `id` int(255) NOT NULL,
  `name` varchar(50) COLLATE utf8_unicode_ci NOT NULL,
  `email` varchar(50) COLLATE utf8_unicode_ci NOT NULL,
  `phone` varchar(15) COLLATE utf8_unicode_ci NOT NULL,
  `address` varchar(128) COLLATE utf8_unicode_ci NOT NULL,
  `password` varchar(40) COLLATE utf8_unicode_ci NOT NULL,
  `created` date NOT NULL
) ENGINE=MyISAM DEFAULT CHARSET=utf8 COLLATE=utf8_unicode_ci;

--
-- Dumping data for table `user`
--

INSERT INTO `user` (`id`, `name`, `email`, `phone`, `address`, `password`, `created`) VALUES
(1, 'Hồ Tấn Mỹ', 'hotanmy@gmail.com', '0964082598', '71/50 TL 08 P.Thạnh Lộc Quận 12 Tp.HCM', 'e10adc3949ba59abbe56e057f20f883e', '2018-05-01'),
(2, 'Tấn Mỹ', 'tanmy@email.com', '0987654321', '309/3 nguyễn thái sơn phường 5 gò vấp', 'e10adc3949ba59abbe56e057f20f883e', '2018-05-29'),
(3, 'Trần Văn', 'tran@gmail.com', '0909336622', '309/3 Nguyễn Thái Sơn Phường 5 Quận Gò Vấp', 'e10adc3949ba59abbe56e057f20f883e', '2018-06-01');

-- --------------------------------------------------------

--
-- Table structure for table `users`
--

CREATE TABLE `users` (
  `id` int(11) NOT NULL,
  `oauth_provider` varchar(255) NOT NULL,
  `oauth_uid` varchar(255) NOT NULL,
  `first_name` varchar(255) NOT NULL,
  `last_name` varchar(255) NOT NULL,
  `email` varchar(255) NOT NULL,
  `gender` varchar(10) NOT NULL,
  `locale` varchar(10) NOT NULL,
  `picture_url` varchar(255) NOT NULL,
  `profile_url` varchar(255) NOT NULL,
  `created` datetime NOT NULL,
  `modified` datetime NOT NULL
) ENGINE=InnoDB DEFAULT CHARSET=utf8;

--
-- Dumping data for table `users`
--

INSERT INTO `users` (`id`, `oauth_provider`, `oauth_uid`, `first_name`, `last_name`, `email`, `gender`, `locale`, `picture_url`, `profile_url`, `created`, `modified`) VALUES
(1, 'google', '113594903429420748260', 'Tấn Mỹ', 'Hồ', 'kd.aigapa@gmail.com', '', 'vi', 'https://lh4.googleusercontent.com/-FYPmkOnUARs/AAAAAAAAAAI/AAAAAAAAAwg/CE_jBbgWYDo/photo.jpg', 'https://plus.google.com/113594903429420748260', '2018-05-29 07:44:02', '2018-05-29 13:50:24'),
(2, 'google', '102879696542009488572', 'nhok', 'romk', 'nhokromk@gmail.com', '', 'vi', 'https://lh6.googleusercontent.com/-i1PY0TBIuW4/AAAAAAAAAAI/AAAAAAAAAEc/yNzdTx8FqZ8/photo.jpg', 'https://plus.google.com/102879696542009488572', '2018-05-29 07:47:36', '2018-05-29 13:54:27');

--
-- Indexes for dumped tables
--

--
-- Indexes for table `admin`
--
ALTER TABLE `admin`
  ADD PRIMARY KEY (`id`);

--
-- Indexes for table `admin_group`
--
ALTER TABLE `admin_group`
  ADD PRIMARY KEY (`id`);

--
-- Indexes for table `categories`
--
ALTER TABLE `categories`
  ADD PRIMARY KEY (`id`);

--
-- Indexes for table `comment`
--
ALTER TABLE `comment`
  ADD PRIMARY KEY (`id`);

--
-- Indexes for table `contact`
--
ALTER TABLE `contact`
  ADD PRIMARY KEY (`id`);

--
-- Indexes for table `info`
--
ALTER TABLE `info`
  ADD PRIMARY KEY (`id`);
ALTER TABLE `info` ADD FULLTEXT KEY `title` (`title`);

--
-- Indexes for table `menu`
--
ALTER TABLE `menu`
  ADD PRIMARY KEY (`id`);

--
-- Indexes for table `news`
--
ALTER TABLE `news`
  ADD PRIMARY KEY (`id`);
ALTER TABLE `news` ADD FULLTEXT KEY `title` (`title`);

--
-- Indexes for table `order`
--
ALTER TABLE `order`
  ADD PRIMARY KEY (`id`);

--
-- Indexes for table `product`
--
ALTER TABLE `product`
  ADD PRIMARY KEY (`id`);
ALTER TABLE `product` ADD FULLTEXT KEY `name` (`name`);

--
-- Indexes for table `slide`
--
ALTER TABLE `slide`
  ADD PRIMARY KEY (`id`);

--
-- Indexes for table `support`
--
ALTER TABLE `support`
  ADD PRIMARY KEY (`id`);

--
-- Indexes for table `transaction`
--
ALTER TABLE `transaction`
  ADD PRIMARY KEY (`id`);

--
-- Indexes for table `user`
--
ALTER TABLE `user`
  ADD PRIMARY KEY (`id`);

--
-- Indexes for table `users`
--
ALTER TABLE `users`
  ADD PRIMARY KEY (`id`);

--
-- AUTO_INCREMENT for dumped tables
--

--
-- AUTO_INCREMENT for table `admin`
--
ALTER TABLE `admin`
  MODIFY `id` int(11) NOT NULL AUTO_INCREMENT, AUTO_INCREMENT=4;

--
-- AUTO_INCREMENT for table `admin_group`
--
ALTER TABLE `admin_group`
  MODIFY `id` int(11) NOT NULL AUTO_INCREMENT, AUTO_INCREMENT=3;

--
-- AUTO_INCREMENT for table `categories`
--
ALTER TABLE `categories`
  MODIFY `id` int(11) NOT NULL AUTO_INCREMENT, AUTO_INCREMENT=15;

--
-- AUTO_INCREMENT for table `comment`
--
ALTER TABLE `comment`
  MODIFY `id` int(255) NOT NULL AUTO_INCREMENT, AUTO_INCREMENT=4;

--
-- AUTO_INCREMENT for table `contact`
--
ALTER TABLE `contact`
  MODIFY `id` int(128) NOT NULL AUTO_INCREMENT, AUTO_INCREMENT=4;

--
-- AUTO_INCREMENT for table `info`
--
ALTER TABLE `info`
  MODIFY `id` int(11) NOT NULL AUTO_INCREMENT, AUTO_INCREMENT=3;

--
-- AUTO_INCREMENT for table `menu`
--
ALTER TABLE `menu`
  MODIFY `id` int(11) NOT NULL AUTO_INCREMENT;

--
-- AUTO_INCREMENT for table `news`
--
ALTER TABLE `news`
  MODIFY `id` int(11) NOT NULL AUTO_INCREMENT, AUTO_INCREMENT=6;

--
-- AUTO_INCREMENT for table `order`
--
ALTER TABLE `order`
  MODIFY `id` int(255) NOT NULL AUTO_INCREMENT, AUTO_INCREMENT=15;

--
-- AUTO_INCREMENT for table `product`
--
ALTER TABLE `product`
  MODIFY `id` int(255) NOT NULL AUTO_INCREMENT, AUTO_INCREMENT=50;

--
-- AUTO_INCREMENT for table `slide`
--
ALTER TABLE `slide`
  MODIFY `id` int(11) NOT NULL AUTO_INCREMENT, AUTO_INCREMENT=8;

--
-- AUTO_INCREMENT for table `support`
--
ALTER TABLE `support`
  MODIFY `id` int(255) NOT NULL AUTO_INCREMENT, AUTO_INCREMENT=2;

--
-- AUTO_INCREMENT for table `transaction`
--
ALTER TABLE `transaction`
  MODIFY `id` bigint(20) NOT NULL AUTO_INCREMENT, AUTO_INCREMENT=11;

--
-- AUTO_INCREMENT for table `user`
--
ALTER TABLE `user`
  MODIFY `id` int(255) NOT NULL AUTO_INCREMENT, AUTO_INCREMENT=4;

--
-- AUTO_INCREMENT for table `users`
--
ALTER TABLE `users`
  MODIFY `id` int(11) NOT NULL AUTO_INCREMENT, AUTO_INCREMENT=3;
COMMIT;

/*!40101 SET CHARACTER_SET_CLIENT=@OLD_CHARACTER_SET_CLIENT */;
/*!40101 SET CHARACTER_SET_RESULTS=@OLD_CHARACTER_SET_RESULTS */;
/*!40101 SET COLLATION_CONNECTION=@OLD_COLLATION_CONNECTION */;
